ID in paper,ID,group,pos_0,pos_1,Hydrogen evolution rate / µmol/h,EA* / V,EA / V,Sr / a.u.,Δσ / Å,H(CT) / Å,D(Δ) / a.u.,E(exciton binding) / eV,E(solvation) / eV,E(binding) / eV,S1-S0 / eV,S1-T1 / eV
1,171,5,4.666144,5.9682627,0.0,0.9587399999999999,-2.93246,0.481,0.711,1.412,2.3943,1.221484,-0.399406,-0.49421800000000005,3.8912,0.759
2,172,1,6.362239,4.158678500000001,20.223174,1.067595,-2.985405,0.24622,-0.644,1.262,6.8428,0.538295,-0.526185,-0.603325,4.053,0.4611
3,174,5,3.230006,5.3280616,1.9090479999999999,1.263282,-2.088518,0.7672,0.141,1.879,2.3756,0.318364,-0.29489899999999997,-0.760546,3.3518,1.0459
4,175,1,6.7324324,3.9586532,0.051975,1.40859,-2.25541,0.8107800000000001,1.067,0.862,0.0478,0.269294,-0.684938,-0.43659499999999996,3.664,0.8279
5,176,1,4.7341037,3.059811,6.774425,1.395334,-2.247066,0.5299699999999999,0.854,1.222,1.8539,1.003207,-0.195948,-0.499123,3.6424,0.6592
6,177,3,4.8465867,0.9407576999999999,3.113823,1.493109,-2.167391,0.47315,1.009,1.588,3.1014,0.667316,-0.225135,-0.46206099999999994,3.6605,1.0418
7,178,2,7.9933442999999995,1.7283223,0.317312,0.477448,-2.729352,0.62365,0.022,2.439,5.7652,0.30040300000000003,-0.24674899999999997,-0.497383,3.2068,0.6879
8,179,3,5.428445,-0.036343347000000005,0.0,2.0459,-2.8646,0.80812,0.528,3.084,0.0002,0.311772,-0.425936,-0.400864,4.9105,1.5182
9,181,4,1.9866759999999999,1.7305240000000002,0.0,1.70428,-3.13172,0.7691100000000001,-0.636,1.431,0.3716,0.676982,-0.098567,-0.367827,4.836,1.3231
10,183,4,3.2263384,2.0912771,0.65468,1.4642600000000001,-2.48044,0.9339299999999999,-0.224,1.37,0.3441,0.656461,-0.264042,-0.647289,3.9447,1.1443
11,184,5,3.5533184999999996,5.765048999999999,0.0,1.7644799999999998,-1.57492,0.41711000000000004,1.415,1.788,5.5378,1.200437,-0.26401199999999997,-0.39993,3.3394,0.457
12,185,3,4.7545853,0.32368386,1.504342,1.33158,-2.43392,0.475,1.036,1.554,2.9444,0.627416,-0.32806799999999997,-0.49715,3.7655,0.7827
13,186,2,7.80145,0.8606370999999999,0.12105999999999999,0.943732,-2.366168,0.89825,-0.128,2.399,0.268,0.098915,-0.12041900000000001,-0.857489,3.3099,1.2721
14,187,3,3.7792156,-0.8013094000000001,0.036443,1.452473,-2.155027,0.47698,0.413,1.538,2.2124,1.568495,-0.221156,-0.268872,3.6075,0.5095
15,188,5,4.052907,5.5317492,0.0,1.141304,-2.677996,0.47558,0.65,1.329,2.2692,0.829915,-0.26566100000000004,-0.313273,3.8193,0.7806
16,189,5,3.013363,5.866074,5.52016,1.408777,-2.148123,0.50652,-0.69,2.916,0.0015,1.2872780000000001,-0.255761,-0.5286390000000001,3.5569,0.5128
17,190,2,6.277593,-0.043262426,0.0,0.5683239999999999,-3.684476,0.72951,0.563,2.188,2.1526,0.417396,-0.274393,-0.529053,4.2528,0.8803
18,191,4,2.9341984,1.214974,0.103603,1.688048,-1.8308520000000001,0.47328000000000003,1.065,1.59,3.3076,1.3228469999999999,-0.274737,-0.27074899999999996,3.5189,0.5168
19,192,3,3.7826755,-1.0630671,0.46877299999999994,1.1978090000000001,-2.748491,0.48846999999999996,0.533,1.203,2.0443,1.1168069999999999,-0.266888,-0.41924300000000003,3.9463,0.871
20,193,1,5.3553205,3.804119,0.22248800000000002,1.588789,-2.533111,0.80128,-0.038,1.154,0.796,0.508784,-0.375309,-0.562719,4.1219,1.1741
21,194,5,4.384464,5.1472983,0.0,1.267837,-2.520263,0.47796000000000005,0.663,1.324,2.3252,0.87774,-0.23774099999999998,-0.42291999999999996,3.7881,0.672
22,196,1,5.807926999999999,3.2833754999999996,0.0,1.156028,-2.359772,0.9149799999999999,0.005,1.89,0.0,0.083717,-0.145406,-0.714596,3.5158,1.391
23,197,2,6.413096400000001,-0.010000486999999999,0.0,0.026585,-3.9714150000000004,0.7724,0.486,2.693,0.6795,0.45842200000000005,-0.369743,-0.720815,3.998,0.8961
24,198,5,4.5826364,6.0368794999999995,0.108694,0.8833219999999999,-2.4263779999999997,0.66404,0.535,1.571,1.6259,0.5052800000000001,-0.320843,0.259973,3.3097,0.8561
25,199,2,6.717708999999999,1.2191603000000002,0.0,0.8368329999999999,-2.841067,0.86379,0.035,0.934,0.0001,0.269422,-0.150112,-0.452971,3.6779,1.3672
26,200,3,5.328752,-0.12232284,0.0,0.618061,-1.968939,0.5633600000000001,1.017,0.755,0.0007,1.3703670000000001,-0.137286,-0.470984,2.587,0.773
27,201,2,8.045005999999999,-0.52532893,0.43131499999999995,0.760328,-2.9802720000000003,0.63073,-0.015,2.167,5.156,0.23201300000000002,-0.23595,-0.384204,3.7406,1.1036
28,202,5,4.338773000000001,5.117796,0.000356,1.201188,-2.651612,0.46787,0.701,1.285,2.3713,0.9193110000000001,-0.270077,-0.444842,3.8528,0.7975
29,203,2,8.373757000000001,-0.44418679999999994,0.013327,0.587101,-2.9027990000000004,0.6964899999999999,0.551,1.563,1.2535,0.39631500000000003,-0.335436,-0.8823549999999999,3.4899,0.5696
30,204,3,4.666549,-0.7306454000000001,0.0,0.738903,-3.557697,0.8188,-0.452,0.764,0.0454,0.304116,-0.45597299999999996,-0.471559,4.2966,1.2755
31,205,4,2.3120055,0.40946597,0.0017469999999999999,2.576433,-2.022467,0.94625,-0.091,1.614,0.0018,0.9488260000000001,-0.428375,-0.21381799999999998,4.5989,1.4753
32,206,4,0.5252525,2.875956,0.018718000000000002,2.2820709999999997,-2.2017290000000003,0.66847,-0.069,1.693,3.343,0.680555,-0.23083299999999998,-0.23038499999999998,4.4838,0.9431
33,207,4,0.40146625,0.67435294,0.0,1.9979930000000001,-2.600007,0.81158,-0.706,3.028,0.0005,0.5988399999999999,-0.114766,-0.46157299999999996,4.598,1.2661
34,208,1,7.0282793,2.5321347999999997,0.0,0.936873,-1.919727,0.8772200000000001,-0.011,0.839,0.056,0.16446,-0.24948499999999998,-0.552567,2.8566,1.2631
35,209,3,5.4714160000000005,0.27405062,0.0,2.045019,-2.797981,0.82116,0.386,1.194,0.4546,0.34676399999999996,-0.41331899999999994,-0.407237,4.843,1.4684
36,210,5,4.240797,4.683516,0.9642569999999999,1.3169620000000002,-2.453538,0.4774,0.783,1.374,2.5547,1.329202,-0.168235,-0.358684,3.7705,0.5952
37,211,3,4.38696,1.053408,0.13611800000000002,1.603877,-1.944023,0.47051000000000004,1.083,1.574,3.3245,1.418633,-0.278483,-0.308296,3.5479,0.5307
38,212,4,1.0152828999999999,2.680165,0.0,1.366282,-3.356318,0.75525,-0.125,1.398,1.8045,0.685986,-0.202198,-0.431536,4.7226,1.0775
39,213,4,1.9283109,0.3252266,0.0,3.042518,-0.517782,0.59304,0.369,2.375,0.3049,0.636955,-0.961808,-0.43108,3.5603,1.0234
40,214,4,2.108546,1.4420946000000001,0.0,2.1868689999999997,-2.6214310000000003,0.79893,-0.137,1.943,1.4276,0.483425,-0.202236,-0.273242,4.8083,1.4751
41,215,5,4.723541,4.737699500000001,0.0,1.901802,-2.536598,0.78285,0.229,2.364,3.2675,0.375046,-0.218982,-0.086812,4.4384,1.4759
42,217,4,2.4135146,2.7008092,0.0,1.372683,-3.692017,0.8347700000000001,-0.594,1.648,0.0002,0.791446,-0.089297,-0.334289,5.0647,1.4605
43,218,3,4.6602807,-1.3595966,0.0,-0.197047,-4.445147,0.71522,-0.505,0.751,0.194,0.629686,-0.299937,-0.229944,4.2481,0.9184
44,219,2,6.7444444,0.5978356,0.0,1.32982,-3.7182800000000005,0.91069,-0.362,1.606,0.0042,0.646733,-0.079427,-0.387766,5.0481,1.4961
45,220,1,4.256588,2.3594418,0.0,0.483885,-2.486615,0.8345799999999999,-0.09,1.079,0.0945,0.223825,-0.168301,-0.540031,2.9705,1.1299
46,221,3,4.733820400000001,-1.3294312,0.0,0.050813,-4.7203870000000006,0.82711,-0.236,1.179,0.4394,0.728909,-0.303004,-0.259682,4.7712,1.1433
47,222,3,3.5064664,-0.99761486,0.0,0.920474,-4.693626,0.81601,-0.191,1.217,0.0234,1.2229809999999999,-0.375033,-0.050296,5.6141,0.9669
48,224,2,7.701693,2.300741,3.930219,0.697959,-2.468441,0.43828999999999996,-0.284,2.18,8.4749,0.374796,-0.252784,-0.693004,3.1664,0.4168
49,225,4,0.3320006,0.6560915,0.04553,1.969173,-1.4363270000000001,0.53686,-0.885,2.14,0.0235,0.487117,-0.141767,-0.596566,3.4055,0.3483
50,226,5,3.4270443999999998,3.5675871,0.624204,1.326919,-2.435781,0.47548,0.796,1.387,2.5707,1.200713,-0.167846,-0.320946,3.7627,0.6094
51,227,5,3.4116752,5.2596050000000005,0.0,2.322248,-2.252852,0.42546000000000006,1.164,1.562,4.4879,0.68885,-0.265351,-0.403636,4.5751,1.3725
52,228,3,2.6951669999999996,0.21782771,0.060148,2.234069,-1.8641310000000002,0.7986800000000001,0.324,0.9,0.5623,0.409925,-0.49412399999999995,-0.32755500000000004,4.0982,1.1585
53,229,5,5.139408599999999,4.9541535,0.0,1.450957,-2.169743,0.7752399999999999,0.705,1.095,0.0001,0.40883,-0.32424400000000003,-0.294246,3.6207,1.1512
54,230,1,5.689873,4.364453299999999,0.0,0.779443,-2.704457,0.50636,0.863,1.207,2.0935,0.9396450000000001,-0.534878,-1.086724,3.4839,0.5142
55,231,4,2.5296679,3.6022952000000004,0.0,1.455751,-3.1221490000000003,0.61673,-0.355,1.57,3.5082,0.547787,-0.166671,-0.6133770000000001,4.5779,1.3344
56,233,1,6.2467523,3.6487315000000002,0.40727800000000003,0.388887,-1.448413,0.8372700000000001,-0.028,1.818,1.5745,0.710413,-0.39310700000000004,-1.4045889999999999,1.8373,0.8418
57,234,1,5.6092043,4.546053400000001,0.0,1.27341,-1.62489,0.56404,0.029,1.773,0.0007,0.715486,-0.543374,-1.273284,2.8983,0.4233
58,236,4,2.7644417000000003,3.5070987000000002,0.0,1.634013,-3.180287,0.81165,-0.316,1.411,1.3793,0.740903,-0.297056,-0.643392,4.8143,1.2886
59,237,5,4.4941225,4.9949894,0.190808,1.2786,-2.5877,0.46913999999999995,0.764,1.378,2.4818,0.9956969999999999,-0.22943400000000003,-0.29894299999999996,3.8663,0.8623
60,238,2,6.1849847,-0.15583833,0.0,0.355306,-3.611594,0.83811,-1.231,1.734,0.054,0.387835,-0.568401,-0.802621,3.9669,1.0738
61,239,5,4.375001,4.394265,0.0,2.380363,-0.296537,0.5966899999999999,-0.353,1.633,0.0028,0.718758,-0.21318499999999999,-0.44027,2.6769,0.7352
62,240,4,2.2750304,3.1084526,0.013905,1.0873329999999999,-3.256567,0.5492,0.607,1.721,0.6515,0.8688049999999999,-0.137045,-0.41108599999999995,4.3439,0.8433
63,241,5,3.6034087999999995,5.837366,0.0013830000000000001,0.618603,-3.192197,0.67882,0.168,1.399,1.7632,0.62474,-0.224242,0.025396000000000002,3.8108,0.7981
64,242,2,7.6640916,2.6553774,1.4569860000000001,0.81863,-2.28737,0.60032,0.93,2.073,3.5561,0.28895,-0.457904,-0.533621,3.106,0.5893
65,243,4,2.6987772,1.100525,0.0,2.084869,-3.080331,0.95999,0.12,1.528,0.3393,0.6102989999999999,-0.205123,-0.220744,5.1652,1.7015
66,244,5,4.409375,5.8485403,0.0,0.8808790000000001,-2.6540209999999997,0.6481399999999999,0.04,1.515,2.7123,0.595741,-0.39061599999999996,-0.51073,3.5349,0.8952
67,245,2,6.3485966,1.6558696,3.246452,1.172046,-2.508454,0.52327,0.782,1.189,1.7609,1.1759870000000001,-0.197898,-0.360637,3.6805,0.6527
68,246,2,6.6677694,-0.5740354999999999,0.0,0.153064,-4.090136,0.8155,-0.514,0.908,0.1112,0.275096,-0.340688,-0.415649,4.2432,1.235
69,247,5,3.5770671000000003,3.7947453999999996,1.454059,1.4690020000000001,-2.258398,0.47375,0.776,1.448,2.6027,1.117897,-0.16838699999999998,-0.458031,3.7274,0.612
70,248,1,6.881593700000001,2.4714136000000004,0.0,0.607686,-2.561814,0.9005,0.052,0.982,0.0,0.21026199999999998,-0.129824,-0.5085029999999999,3.1695,1.3626
71,249,2,6.413893,1.7169628000000001,3.1446259999999997,1.217655,-2.581945,0.5028199999999999,0.355,1.262,2.1281,0.6486109999999999,-0.204476,-0.458484,3.7996,0.7012
72,250,5,2.8636994,6.3751287,0.0838,2.182976,-2.373724,0.7532300000000001,0.784,1.529,0.0002,0.7544649999999999,-0.23199499999999998,-0.632141,4.5567,1.2784
73,251,4,1.1167817,2.5059526,0.014766999999999999,1.311819,-2.611381,0.5554399999999999,0.242,1.15,2.2374,0.740336,-0.27838,-0.459696,3.9232,0.9046
74,252,3,5.3216852999999995,-0.02356657,0.0,0.641688,-4.110712,0.79769,0.073,1.615,1.9242,0.45656800000000003,-0.19839400000000001,-0.305668,4.7524,1.4864
75,253,1,6.488129,2.9096653,0.294476,1.004442,-1.939958,0.86472,-0.164,1.604,0.01,0.184053,-0.226127,-0.5840310000000001,2.9444,1.2693
76,254,5,3.1063917,6.192158,0.018261000000000003,1.058071,-2.869329,0.46483,0.753,1.233,2.4592,0.5342859999999999,-0.340447,-0.522139,3.9274,1.0864
77,255,3,3.6024065000000003,1.2443483999999998,0.07144,1.314969,-1.3307309999999999,0.82757,-0.206,1.08,0.0,0.199646,-0.26960100000000004,-0.6109289999999999,2.6457,1.1837
78,256,1,6.284793,3.2537062000000003,1.436282,0.662492,-2.1760080000000004,0.88666,-0.07,2.651,0.0259,0.291125,-0.171688,-0.702956,2.8385,1.1436
79,258,2,6.360776400000001,0.07103389,0.0,0.18181,-4.07469,0.70097,0.408,0.999,0.7338,0.47112,-0.17518,-0.39107800000000004,4.2565,1.0278
80,259,3,2.7282631,0.23250826,0.0,2.137819,-2.3340810000000003,0.55435,0.1,1.328,2.1311,0.585477,-0.44064,-0.32135199999999997,4.4719,1.2602
81,260,4,0.4969482,2.9105722999999997,0.0,2.309103,-2.355697,0.68202,-0.268,1.734,2.9365,0.616899,-0.269934,-0.29056,4.6648,1.2779
82,262,5,4.0643897,5.504705400000001,0.007835,1.055752,-2.868048,0.47613,0.746,1.372,2.4159,0.9790540000000001,-0.280776,-0.306487,3.9238,0.8334
83,263,5,3.6743165999999996,6.0689564,0.0,1.559231,-2.971269,0.49241999999999997,0.896,1.536,3.8916,1.152765,-0.501675,-0.611019,4.5305,1.0738
84,265,5,3.8615985,5.901745,0.0,0.460783,-4.232017,0.7802,-0.275,0.772,0.0,0.701118,-0.274569,-0.24078899999999998,4.6928,1.0571
85,266,2,8.093242,-0.23215659,0.0,0.6098439999999999,-3.1917560000000003,0.75005,0.489,2.359,1.701,0.445492,-0.287679,-0.5334909999999999,3.8016,0.7222
86,267,5,4.1439595,6.0877047,0.0,1.6952779999999998,-2.9206220000000003,0.78454,0.353,1.484,0.1986,0.7451760000000001,-0.43637299999999996,-0.6171220000000001,4.6159,1.1214
87,268,2,8.119651,-0.47469209999999995,0.0,1.378212,-3.6117879999999998,0.8613299999999999,-0.485,1.429,0.3837,0.746552,-0.167967,-0.533003,4.99,1.402
88,269,3,3.7162870000000003,1.3144478000000002,8.341073,1.69015,-2.26075,0.72831,0.776,2.888,3.7309,0.3582,-0.5260199999999999,-0.394196,3.9509,1.0631
89,270,2,8.239711999999999,1.806311,0.0,0.031479,-3.6073209999999998,0.8002199999999999,-0.101,2.1,0.0188,0.44622799999999996,-0.30482800000000004,-0.9859600000000001,3.6388,0.7197
90,271,3,5.2311497000000005,0.87159896,3.5770089999999994,1.39081,-2.3334900000000003,0.47894,1.087,1.621,3.0631,0.740269,-0.260651,-0.5112949999999999,3.7243,0.8019
91,272,3,5.102755999999999,0.8653811,5.102782,1.4187100000000001,-2.2623900000000003,0.47611000000000003,1.167,1.75,3.3303,0.640417,-0.23849299999999998,-0.48021400000000003,3.6811,0.8744
92,273,1,6.135479,3.2874087999999997,0.051099,1.137468,-2.893032,0.7720199999999999,-0.353,2.02,2.2096,0.288012,-0.23303200000000002,-0.755249,4.0305,1.1026
93,274,1,5.554089,3.362831,0.382537,1.108443,-1.998657,0.88745,-0.307,2.379,0.0013,0.101227,-0.090535,-0.9195110000000001,3.1071,1.1734
94,275,1,6.0142489999999995,4.1352687,0.0,1.457635,-0.726765,0.8698,0.251,1.538,0.0,0.091524,-0.629591,-1.0817430000000001,2.1844,0.9381
95,276,1,6.553381,3.0810823,0.197802,0.823859,-2.701241,0.91517,0.03,1.866,0.0,0.094329,-0.13503800000000002,-0.595676,3.5251,1.398
96,278,3,4.104707,-0.9718399999999999,0.0,1.142227,-2.709473,0.7782100000000001,0.1,1.87,4.1238,0.24104899999999999,-0.574291,-0.367573,3.8517,1.2414
97,279,5,5.208781200000001,5.123672,0.0,2.101988,-0.944212,0.5975600000000001,0.008,1.956,0.7118,1.0431110000000001,-0.519933,-0.8318639999999999,3.0462,0.4639
98,280,4,0.8821146999999999,1.3496642,2.6262369999999997,1.7597939999999999,-1.537606,0.68971,-0.365,1.47,3.0364,0.458358,-0.15542999999999998,-0.49856000000000006,3.2974,1.1253
99,281,3,5.6525655,0.4927358,0.4114,0.805207,-1.893593,0.8276,0.885,1.336,0.0001,0.213588,-0.49941499999999994,-0.8213450000000001,2.6988,0.927
100,282,1,5.5045004,4.209143599999999,0.0,1.540693,-1.224007,0.58596,-0.19,1.123,0.1274,1.360273,-0.21372600000000003,-0.440906,2.7647,0.4673
101,283,1,4.7429953000000005,3.051026,0.0,1.482893,-3.505607,0.79625,-0.033,1.008,0.9337,0.6340210000000001,-0.145772,-0.38566,4.9885,1.4105
102,284,3,4.2363358,0.5114401,0.0,1.5540049999999999,-1.8852950000000002,0.5478,0.381,1.872,1.5851,1.1661780000000002,-0.225647,-0.430213,3.4393,0.7214
103,285,3,5.0868709999999995,1.0918713,0.006000999999999999,0.896965,-1.819335,0.6699,-1.023,2.635,0.0025,0.37045500000000003,-0.49857299999999993,-0.689485,2.7163,0.6403
104,286,1,4.8700985999999995,3.08042,0.0,0.8710680000000001,-2.184732,0.89292,-0.074,1.498,0.3206,0.198294,-0.141344,-0.6615260000000001,3.0558,1.29
105,287,1,4.2742059999999995,2.376465,1.600223,0.9649909999999999,-1.604109,0.8106899999999999,0.709,0.905,0.159,0.15429500000000002,-0.345557,-0.6949649999999999,2.5691,0.974
106,288,3,3.7929337,0.5301331,0.0,1.716078,-1.674822,0.47468,0.659,1.894,3.0472,1.438885,-0.31242800000000004,-0.265308,3.3909,0.479
107,289,2,6.299245,-0.44676515,0.0,0.562966,-1.532134,0.68692,1.013,3.282,2.5671,0.403531,-0.35020300000000004,-1.216269,2.0951,0.7072
108,290,4,2.1567395,1.4376926,0.0,2.159063,-2.623237,0.79096,-0.103,1.95,2.069,0.48136999999999996,-0.19980799999999999,-0.27529000000000003,4.7823,1.485
109,292,4,1.3022947,1.7884693999999999,0.24112399999999998,1.670655,-1.5478450000000001,0.6834399999999999,-0.362,1.476,3.1657,0.441942,-0.163224,-0.551096,3.2185,1.1172
110,293,4,2.0698235,-0.026264291000000002,0.0,2.154861,-1.8090389999999998,0.40954,0.282,1.354,1.9668,1.623465,-0.345533,-0.280904,3.9639,0.7646
111,294,1,5.9834266,2.2543497,0.735996,0.809319,-2.0432810000000003,0.57491,0.443,0.744,0.6492,1.4532450000000001,-0.23264200000000002,-0.373855,2.8526,0.3864
112,295,2,6.861888,1.1897461,3.443157,1.138647,-2.552353,0.53278,0.797,1.206,1.7833,1.084978,-0.20291700000000001,-0.451409,3.691,0.6712
113,296,5,2.8924562999999996,6.3522315,0.0,1.083426,-2.8256740000000002,0.48917,0.606,1.322,2.3415,0.571233,-0.275984,-0.49605699999999997,3.9091,1.0869
114,297,2,7.2593820000000004,2.1451666,0.0,0.908499,-2.966601,0.84145,0.051,2.35,0.0001,0.292439,-0.203713,-0.74936,3.8751,1.0227
115,298,3,4.487605,0.85889643,0.9268149999999999,1.7264240000000002,-1.624176,0.5190100000000001,-0.467,2.936,0.0003,0.69611,-0.307157,-0.37846399999999997,3.3506,0.7308
116,299,1,6.503268,4.071843,1.8424779999999998,1.331939,-2.375461,0.78099,1.284,0.804,0.0411,0.306429,-0.39568600000000004,-0.331737,3.7074,0.9396
117,300,3,5.696639,-0.012006511000000001,0.07318200000000001,0.486066,-3.553234,0.6739,0.155,0.892,0.7067,0.5923689999999999,-0.293642,-0.449025,4.0393,0.7375
118,301,1,4.39285,2.8864915,0.0,0.9062049999999999,-3.126395,0.78625,0.323,1.269,0.6756,0.478936,-0.23759699999999997,-0.547775,4.0326,0.9485
119,302,5,4.6108375,5.982916400000001,0.0,1.08013,-2.83707,0.47966000000000003,0.729,1.346,2.3906,0.5719569999999999,-0.33173,-0.173738,3.9172,1.109
120,303,3,2.6926696,0.13838215,0.0,2.002359,-2.054941,0.49696999999999997,0.235,0.742,0.5208,0.685704,-0.438694,-0.6669010000000001,4.0573,1.0173
121,304,1,4.6097746,3.0544937,0.0,1.324478,-2.808322,0.8256700000000001,-0.534,2.244,0.0008,0.325366,-0.11985499999999999,-0.48273900000000003,4.1328,1.4495
122,305,4,2.5079917999999997,3.5639555,0.0,1.794016,-2.008084,0.63451,-0.192,1.733,0.0957,0.671955,-0.32588,0.000462,3.8021,0.6904
123,306,2,8.091363000000001,1.9163861,0.0,0.333246,-2.630054,0.62872,1.605,1.222,1.9793,0.29683200000000004,-0.4797,-0.8123819999999999,2.9633,0.5136
124,308,2,8.103311,2.1460242000000003,0.0,0.13229100000000002,-3.4613089999999995,0.63027,-0.908,2.17,1.7271,0.373598,-0.43981400000000004,-1.549535,3.5936,0.5891
125,309,4,0.5375306,2.8277787999999995,0.0,2.343124,-2.456976,0.42668999999999996,0.504,1.391,2.7779,0.561346,-0.24579099999999998,-0.23760100000000003,4.8001,1.3951
126,310,4,0.57783186,2.8465238,0.0,2.1204099999999997,-2.19029,0.49223999999999996,0.431,1.314,3.3323,0.80913,-0.213763,-0.27452,4.3107,0.8969
127,311,4,1.401116,2.183827,0.0,1.7846080000000002,-1.7762919999999998,0.47078000000000003,0.536,1.333,2.6636,0.825147,-0.16686900000000002,-0.389652,3.5609,0.9193
128,312,5,4.409445,5.8703650000000005,0.0,1.0687,-2.8543,0.4707,0.76,1.321,2.452,0.608494,-0.400524,-0.45150500000000005,3.923,1.0496
129,313,2,8.161501,1.6895319,0.0,-0.202024,-3.716624,0.70197,-0.317,2.683,0.0017,0.419864,-0.21227800000000002,-0.473049,3.5146,0.6379
130,314,4,1.8481168000000001,3.7776693999999997,0.0,1.180908,-3.568392,0.76035,-0.447,1.737,0.9867,0.677611,-0.367483,-0.6315390000000001,4.7493,1.1865
131,315,2,7.653359,2.1440322,0.0,0.0891,-2.9975,0.69263,0.49,3.395,3.9405,0.249387,-0.292013,-0.953522,3.0866,0.6595
132,316,1,5.085284,3.4110096,0.214394,1.179329,-1.662971,0.60736,-0.815,1.193,1.8722,0.5885060000000001,-0.19841,-0.637047,2.8423,0.5736
133,317,4,2.1194509999999998,2.0310616,0.0,1.573876,-3.471424,0.84062,-0.527,1.266,0.1948,0.677021,-0.08745,-0.346657,5.0453,1.4421
134,318,4,2.0976377,2.0636740000000002,0.0,1.603235,-3.5026650000000004,0.92335,-0.29,1.259,0.8548,0.9340209999999999,-0.099563,-0.382488,5.1059,1.4864
135,319,3,4.9915519999999995,1.1008333000000001,5.702814,1.46017,-2.12073,0.48073,1.054,1.541,3.4724,1.412128,-0.287047,-0.35283000000000003,3.5809,0.4953
136,321,3,4.873022,-0.6660486999999999,0.0,0.714856,-2.782044,0.7175,-1.547,1.584,0.0735,0.335929,-0.6105689999999999,-1.019675,3.4969,0.7771
137,322,3,5.2118564,0.9069533000000001,2.405251,1.358343,-2.213657,0.54804,0.525,1.255,1.5599,1.186445,-0.230501,-0.386304,3.572,0.6063
138,323,5,2.8625371,6.3841314,0.023024,2.084057,-2.698543,0.87751,0.46,1.249,0.3945,0.82981,-0.23555700000000002,-0.524297,4.7826,1.3826
139,324,1,6.9242973,3.7828180000000002,2.559083,0.533212,-1.609888,0.94268,0.249,2.636,0.0667,0.215229,-0.7711180000000001,-0.7970619999999999,2.1431,0.7496
140,325,4,2.5441697,3.4599202000000004,0.0,0.9038709999999999,-3.587529,0.7764800000000001,-0.328,1.457,0.0489,0.601525,-0.253044,-0.456441,4.4914,0.9886
141,326,4,0.94973636,2.791824,1.367501,1.573244,-1.9469560000000001,0.63138,-0.457,1.352,3.3532,0.5071319999999999,-0.20570300000000002,-0.6222340000000001,3.5202,0.9786
142,327,3,4.9669514,0.94360465,0.0,0.912335,-3.0049650000000003,0.7225699999999999,0.051,1.477,3.328,0.49173,-0.30037600000000003,-0.550243,3.9173,1.2476
143,328,3,5.579929,-0.16276918,0.0,0.756301,-2.729299,0.43883,0.796,2.027,8.4221,0.432613,-0.353005,-0.44503100000000007,3.4856,0.5888
144,329,4,2.9343147000000003,2.8900094,0.296581,1.460457,-2.189143,0.48231,0.466,1.647,2.2795,1.416513,-0.211707,-0.35344200000000003,3.6496,0.5292
145,330,5,2.7234917000000003,6.1792502,0.0,0.41821800000000003,-4.246782,0.7710899999999999,-0.39,1.273,0.0005,0.6380680000000001,-0.162114,-0.38272,4.665,1.1131
146,331,1,5.872093700000001,3.9865773,23.915843,1.363415,-2.8137849999999998,0.30561,-0.947,1.501,6.3977,0.46709700000000004,-0.455553,-0.807686,4.1772,0.7751
147,333,4,1.2355739,2.1258671000000002,1.2853,1.5980290000000001,-1.586871,0.67289,-0.394,1.39,3.1805,0.439633,-0.173296,-0.447043,3.1849,1.1202
148,335,5,3.1713169999999997,5.96742,0.017166999999999998,1.023628,-2.906272,0.4739,0.735,1.386,2.4003,0.864917,-0.27434000000000003,-0.329277,3.9299,0.9066
149,336,4,2.3837987999999997,0.40643206,0.0,2.521623,0.007523,0.88045,-0.278,2.989,0.0002,-0.13835999999999998,-0.45782399999999995,-0.296135,2.5141,1.8265
150,337,4,0.6365343000000001,2.9313127999999997,0.050121,2.142292,-2.410508,0.41913,0.546,1.29,2.9901,1.1117569999999999,-0.22819899999999999,-0.287197,4.5528,1.0906
151,338,3,4.8873754,0.9325924000000001,0.0,0.8333870000000001,-1.633813,0.54885,1.258,1.783,0.5848,1.291419,-0.23953000000000002,-0.601017,2.4672,0.7349
152,339,4,3.0574985,2.2082026000000003,0.024227000000000002,1.58465,-2.49625,0.7616,-0.759,2.937,0.0046,0.388256,-0.12928800000000001,-0.33965300000000004,4.0809,1.1225
153,340,1,5.971462,4.232609,28.278769,1.3250629999999999,-2.397437,0.51088,0.886,2.026,2.1022,0.503422,-0.47627200000000003,-1.234415,3.7225,0.2962
154,341,3,3.7512505,1.3654281000000001,0.0,1.898116,-2.240784,0.8344299999999999,0.266,1.622,0.0,0.31243899999999997,-0.384314,-0.400557,4.1389,1.2423
155,342,1,6.7128882,2.9981244,0.0,0.29595,-2.89015,0.83834,-0.038,2.38,1.4877,0.137812,-0.253201,-0.625583,3.1861,1.1906
156,343,2,6.535137000000001,0.673243,0.0,1.397405,-3.6792949999999998,0.92,-0.3,1.332,0.6032,0.867792,-0.089715,-0.421993,5.0767,1.4809
157,344,3,3.5943732,1.2743319,0.0,1.7794169999999998,-0.7843829999999999,0.55184,0.196,2.221,6.161,0.283435,-0.527618,-0.647312,2.5638,0.6831
158,345,2,8.53608,-0.522759,0.0,1.001179,-2.931621,0.46392,0.698,1.323,2.4075,0.781586,-0.21530300000000002,-0.44613400000000003,3.9328,0.9675
159,346,4,0.42442018,0.79571533,0.0020109999999999998,2.379861,-1.965339,0.74036,0.211,1.406,1.6532,0.7529239999999999,-0.190407,-0.15875899999999998,4.3452,1.0948
160,347,4,2.375214,3.3846834,0.0,2.117225,-0.579775,0.59186,-0.397,1.354,0.0004,0.908201,-0.216766,-0.26910100000000003,2.697,0.584
161,348,1,4.830724,2.9711747,0.0,1.617532,-3.0802680000000002,0.8978,-0.231,2.032,0.7998,0.334609,-0.118707,-0.513678,4.6978,1.4655
162,350,1,4.678195,3.0205584,0.0,1.122945,-3.089555,0.7933100000000001,-0.447,0.991,0.3222,0.330912,-0.150105,-0.535604,4.2125,1.2268
163,351,2,7.6487255,-0.07147593,0.0,1.0906129999999998,-3.8583870000000005,0.94473,-0.164,1.494,0.0906,0.7750229999999999,-0.069827,-0.598476,4.949,1.4577
164,352,3,4.0546894,2.0848484,0.839951,0.619668,-1.639332,0.69081,-0.929,1.402,2.5604,0.277951,-0.173199,-0.8866879999999999,2.259,0.845
165,353,4,1.2080703000000002,1.5263168,0.0,1.4111040000000001,-0.590396,0.75344,0.421,1.591,0.0003,0.188576,-0.25391199999999997,-0.708029,2.0015,1.3301
166,354,4,0.49920192,0.750871,0.0,2.170909,-2.630491,0.8407399999999999,0.197,1.513,1.1457,0.806833,-0.186923,-0.248379,4.8014,1.4129
167,355,2,7.351767,0.7313385,0.009773,1.1378979999999999,-3.4444019999999997,0.85119,-0.024,1.043,0.0058,0.35765,-0.295073,-0.498137,4.5823,1.3799
168,356,1,6.614705000000001,2.2050977,0.0,1.0536299999999998,-3.3132699999999997,0.8487100000000001,0.036,1.107,0.2618,0.410558,-0.18271099999999998,-0.413869,4.3669,1.3513
169,357,3,2.3843176,0.09182381,0.0,2.467589,-1.951111,0.42157,0.632,1.304,2.6215,0.9939030000000001,-0.368977,-0.29335900000000004,4.4187,1.1911
170,358,1,6.2540636,3.2592585,0.0,1.007383,-2.9808169999999996,0.5837,-0.491,1.612,4.1197,0.340463,-0.205877,-0.45511899999999994,3.9882,1.0602
171,359,1,6.1381016,3.286572,0.368647,0.905011,-2.511089,0.9041799999999999,-0.071,2.149,0.2329,0.099999,-0.132656,-0.71124,3.4161,1.3334
172,360,4,1.8986624,2.5706847,0.0,0.810606,-3.5670940000000004,0.73538,-0.263,1.392,1.4998,0.61761,-0.180395,-0.483813,4.3777,0.9009
173,362,2,7.899721,-0.23902717,0.8441860000000001,0.7527590000000001,-2.872241,0.48983999999999994,0.598,1.453,2.3284,0.9944629999999999,-0.164394,-0.5142359999999999,3.625,0.5997
174,363,4,1.5881598999999997,0.9360671,0.152645,2.5139560000000003,-1.9263439999999998,0.8014100000000001,0.441,1.634,0.7758,0.554895,-0.30882,-0.33300100000000005,4.4403,1.3871
175,364,3,5.0125804,-0.5819097,0.0,2.385984,-2.164516,0.81493,0.506,1.523,0.5213,0.531992,-0.295935,-0.232616,4.5505,1.4565
176,365,5,3.19742,3.9164,10.491104,1.265573,-2.465027,0.47965,0.675,1.241,2.4549,0.706379,-0.285887,-0.46848500000000004,3.7306,0.7214
177,366,1,5.065213,2.8927658,0.0,1.109715,-2.912385,0.8346,-0.324,3.848,0.0033,0.304299,-0.182612,-0.661941,4.0221,1.0904
178,367,4,0.44751492,0.7636162,0.0,2.2521709999999997,-2.2865290000000003,0.79752,0.29,1.551,1.1588,0.744388,-0.179322,-0.273075,4.5387,1.2438
179,368,3,2.6773434,0.22497302,0.0,2.1128080000000002,-1.7156919999999998,0.48916000000000004,0.816,1.734,0.0008,0.422912,-0.354414,-0.480476,3.8285,1.0834
180,369,2,8.036486,-0.24881011,0.0,1.433357,-2.910343,0.88023,0.42,1.357,0.3304,0.710224,-0.24104499999999998,-0.417973,4.3437,1.1996
181,370,5,4.274229,4.868048,0.00018899999999999999,1.3652,-2.4091,0.48539,0.657,1.267,2.3583,0.8202280000000001,-0.24851399999999998,-0.383641,3.7743,0.6886
182,372,4,0.39350146,0.7665142,8.13,2.535499,-1.597201,0.73649,0.56,1.142,0.0001,0.677602,-0.27265,-0.252273,4.1327,1.0481
183,373,4,0.5213386999999999,0.91787976,4.239809999999999,2.623127,-1.789973,0.8566600000000001,0.117,1.583,0.9349,0.7233229999999999,-0.29272600000000004,-0.280594,4.4131,1.2831
184,374,4,3.004525,2.2385721000000003,0.0,1.853949,-2.486351,0.5082800000000001,0.28,1.81,0.0031,0.504422,-0.136405,-0.364458,4.3403,1.2257
185,375,4,1.5830643999999998,2.2144060000000003,0.0,1.972939,-2.536361,0.71583,-0.24,1.757,2.9945,0.424622,-0.198821,-0.273592,4.5093,1.5552
186,376,4,2.2493644,0.41659769999999996,0.0,2.104793,-3.038007,0.90746,0.068,1.622,0.0956,0.834725,-0.366257,-0.329421,5.1428,1.8295
187,377,5,3.3712106,3.6219678,0.079487,1.4515360000000002,-2.2913639999999997,0.48448,0.657,1.209,2.4083,1.145393,-0.15800799999999998,-0.321029,3.7429,0.5657
188,378,2,8.459527,-0.26552567,0.0,1.078243,-3.064957,0.79589,-0.381,1.326,0.2895,0.356077,-0.141715,-0.636041,4.1432,1.1997
189,379,4,2.1146011000000002,0.53780556,1.435768,2.4714490000000002,-1.299351,0.68582,0.013,1.371,0.0004,0.532933,-0.256277,-0.49669300000000005,3.7708,0.9255
190,380,1,6.295764,3.42389,0.0,0.490626,-2.743374,0.9674,0.026,2.23,0.0,0.556129,-0.170739,-0.940435,3.234,0.8976
191,382,3,2.4277263,-0.3288716,0.03972,2.416734,-2.465166,0.8411200000000001,0.091,1.486,1.0297,0.418468,-0.45220200000000005,-0.36185900000000004,4.8819,1.6683
192,383,5,4.713524,5.8263235,0.0,1.210202,-1.829898,0.65768,0.58,0.734,0.0005,0.5320550000000001,-0.393958,-0.586187,3.0401,0.8431
193,385,2,8.546679,-0.37273636,0.034173,1.085541,-2.848259,0.80071,0.406,2.235,0.0798,0.35696500000000003,-0.275866,-0.16264800000000001,3.9338,1.1138
194,386,3,4.7714476999999995,0.5041077,2.5792450000000002,1.4699950000000002,-2.222305,0.47129,1.168,1.635,3.2216,0.8904120000000001,-0.284646,-0.407125,3.6923,0.7287
195,387,2,7.8317619999999994,0.64278036,0.013212,0.689267,-3.963133,0.78961,0.345,1.25,0.3636,0.549656,-0.123977,-0.512417,4.6524,1.113
196,388,1,6.4599075,3.2586162,1.251359,0.41319799999999995,-2.262502,0.8974200000000001,0.011,1.861,0.0,0.133446,-0.166623,-0.7801140000000001,2.6757,1.1316
197,389,2,8.467807,-0.3176306,0.0,1.088555,-3.061545,0.79362,-0.39,1.343,0.2757,0.34697100000000003,-0.144257,-0.366371,4.1501,1.203
198,390,2,6.650240400000001,1.0108587,0.0,1.438017,-2.6657830000000002,0.8004399999999999,0.753,1.007,0.3306,0.283656,-0.267513,-0.640536,4.1038,1.1406
199,391,3,5.3188877,0.24374774,0.0,1.7134029999999998,-2.3201970000000003,0.78605,-0.764,2.481,2.178,0.503919,-0.18091400000000002,-0.9698549999999999,4.0336,1.0139
200,393,4,0.5443943,2.8664615,0.0,2.314507,-2.396693,0.40683,0.394,1.411,2.9445,0.639411,-0.265279,-0.349042,4.7112,1.3101
201,394,3,3.7440913,0.49360886,0.138822,1.679256,-1.679444,0.5058199999999999,0.787,1.702,2.8973,1.470459,-0.273206,-0.196838,3.3587,0.5118
202,395,3,2.3174896,0.073337406,0.06167,2.486708,-1.7979919999999998,0.44223999999999997,0.83,1.023,2.1266,0.933831,-0.347835,-0.190236,4.2847,1.1324
203,397,1,6.655862,2.6278331,0.0,0.792549,-2.317351,0.6817,0.396,1.615,1.1323,0.66296,-0.11670499999999999,-0.437122,3.1099,0.9394
204,398,3,3.7093356,1.1024804,0.0,1.700994,-2.1498060000000003,0.7104600000000001,-0.117,1.607,1.484,0.422863,-0.600043,-0.580545,3.8508,0.983
205,399,3,4.4473414,-0.7343329000000001,0.0,1.0476299999999998,-3.03547,0.68415,0.173,1.473,3.0501,0.564816,-0.31406799999999996,-0.297433,4.0831,1.0181
206,400,2,6.0517187,1.0074227,2.489411,0.859977,-2.921823,0.6278699999999999,-0.181,2.196,6.1358,0.33847,-0.279291,-0.62265,3.7818,0.8299
207,401,2,8.522903,-0.72127324,0.076103,0.700056,-4.026044000000001,0.7761399999999999,-0.313,1.531,1.2705,0.45163100000000006,-0.31705,-0.337932,4.7261,1.3343
208,402,4,1.8104263999999999,1.0820965,0.0,2.0588740000000003,-2.763026,0.81655,0.324,1.442,1.4441,0.794501,-0.20548899999999998,-0.268333,4.8219,1.3646
209,403,1,6.738222599999999,2.9578667000000003,0.021969,0.789014,-3.229086,0.9617100000000001,0.031,2.07,0.0013,0.673446,-0.16453800000000002,-0.671477,4.0181,1.1539
210,404,1,6.7603364,2.9298153,0.0,0.8209200000000001,-2.9043799999999997,0.88203,0.106,2.2,0.0,0.287407,-0.162404,-0.679932,3.7253,1.2236
211,405,4,1.0635086999999999,2.428004,0.0,1.543008,-2.2050919999999996,0.71138,-0.654,1.626,0.9175,0.450902,-0.375199,-0.648095,3.7481,1.3497
212,406,2,7.771484399999999,-0.1764422,0.0,1.380023,-2.981277,0.8820100000000001,0.406,1.038,0.2409,0.728915,-0.25634,-0.211716,4.3613,1.2101
213,407,4,1.8683077000000001,3.0302439999999997,0.0,1.003591,-3.3371089999999994,0.43591,0.509,1.396,3.0154,1.043658,-0.30916,-0.517778,4.3407,0.8295
214,408,2,7.989132000000001,2.020454,0.0,0.13351300000000002,-1.9026869999999998,0.85857,-0.733,2.607,0.1445,0.15446300000000002,-0.8250370000000001,-1.019838,2.0362,0.7151
215,409,3,5.023448999999999,0.13325453,0.0,2.1780939999999998,-2.547006,0.81001,0.05,1.306,1.0662,0.571284,-0.272212,-0.301295,4.7251,1.4373
216,410,4,1.2860421,2.8101997000000005,0.0,0.892977,-3.797823,0.8373700000000001,-0.22,1.381,1.5068,0.618196,-0.2598,-0.499366,4.6908,1.2116
217,411,4,1.9379488,0.05124358,0.7212890000000001,2.1056220000000003,-1.936278,0.57139,0.07,1.558,0.7268,1.065025,-0.232292,-0.223122,4.0419,0.7548
218,412,1,5.1143665,4.390710400000001,2.415047,1.396968,-2.429732,0.49523,0.509,1.739,2.4889,0.572134,-0.314765,-0.505393,3.8267,0.8023
219,413,5,2.9276364,6.004496,0.007599,1.000905,-2.933995,0.46858999999999995,0.732,1.39,2.412,0.799566,-0.261196,-0.38004,3.9349,0.9518
220,414,5,3.7831593,6.017681,0.0,1.911118,-3.111082,0.5062300000000001,0.208,1.185,2.0992,0.7771020000000001,-0.37412199999999995,-0.609009,5.0222,1.309
221,415,3,4.577324,-0.9600540000000001,0.0,0.9123450000000001,-3.159955,0.67966,0.174,1.602,3.0224,0.559072,-0.31955300000000003,-0.283154,4.0723,1.0192
222,416,3,5.4320846,-0.9524440999999999,0.0,0.161839,-3.6495610000000003,0.8541799999999999,-0.11,0.753,0.0443,0.32748,-0.314529,-0.393277,3.8114,1.303
223,417,3,3.6145585,1.27778,0.400979,1.675384,-2.251816,0.8908799999999999,0.175,2.266,1.9488,0.418955,-0.374865,-0.43673999999999996,3.9272,1.3436
224,418,3,6.146348000000001,-0.6007764,0.103953,0.066914,-4.004886,0.7623300000000001,-0.601,1.103,0.0566,0.306723,-0.481853,-0.355515,4.0718,1.148
225,420,4,2.6842694,2.982711,0.0,1.050283,-3.4798169999999997,0.75946,-0.455,1.622,0.7642,0.6118060000000001,-0.239711,-0.43216099999999996,4.5301,1.1227
226,421,1,5.893936599999999,4.0231959999999996,0.0,1.9449759999999998,-0.872524,0.57408,-0.144,2.375,0.0007,0.94045,-0.353294,-0.9768870000000001,2.8175,0.3778
227,423,5,4.2200985,4.7561345,0.066139,1.210616,-2.6791840000000002,0.47601000000000004,0.724,1.376,2.4186,0.941059,-0.309578,-0.369259,3.8898,0.8125
228,424,4,2.3887196,3.3808851000000004,0.0,0.901595,-3.233105,0.5109100000000001,0.662,1.913,0.8093,0.8663489999999999,-0.183245,-0.432442,4.1347,0.6074
229,425,4,1.883561,0.46586606,0.0,2.02529,-0.7470100000000001,0.60618,0.388,0.882,1.2149,0.8222430000000001,-0.44217700000000004,-0.414191,2.7723,0.631
230,426,2,7.7917414,0.40936586,1.183642,0.9460069999999999,-2.580393,0.52871,0.246,1.284,2.0904,1.221294,-0.253011,-0.41432399999999997,3.5264,0.4845
231,427,5,4.412764,5.848621,0.0,0.979434,-2.497466,0.59877,0.155,1.41,3.371,0.6299100000000001,-0.171228,0.095815,3.4769,0.8207
232,428,3,5.6438646,-0.5934071999999999,0.0,-0.036233,-1.9642330000000001,0.7374,-0.298,1.272,0.0768,0.22789099999999998,-0.42111899999999997,-0.701751,1.928,0.6842
233,429,3,4.373849400000001,1.0896235,0.203955,1.481118,-2.271582,0.47728000000000004,0.686,1.156,2.4477,1.638111,-0.295724,-0.33257800000000004,3.7527,0.5661
234,430,4,2.3191273,3.3121650000000002,0.166938,1.901428,-1.3107719999999998,0.47293999999999997,0.469,1.873,3.6394,0.8263969999999999,-0.23785,-0.52246,3.2122,0.7956
235,431,2,7.708556,0.06951502,0.0,1.141309,-3.6051910000000005,0.8585,0.035,1.373,0.0,0.312415,-0.11533099999999999,-0.452003,4.7465,1.5038
236,432,4,1.8458321,3.0207946,0.000384,1.157081,-3.4585190000000003,0.42504,0.559,1.273,3.1272,0.683248,-0.5417069999999999,-0.362661,4.6156,1.1368
237,433,1,7.144407000000001,3.3706968,14.191260999999999,1.478985,-2.132615,0.55148,-0.061,2.08,0.6733,0.9554370000000001,-0.39003699999999997,-0.7891739999999999,3.6116,0.6774
238,435,3,5.446258,0.3880685,0.0,1.462068,-1.9954319999999999,0.749,1.629,4.43,0.0002,0.314521,-0.341814,-1.899273,3.4575,0.8006
239,436,5,2.7704002999999995,6.53084,0.019847999999999998,2.120719,-2.538981,0.91894,0.325,1.497,0.0006,1.0002950000000002,-0.3081,-0.678342,4.6597,1.3446
240,437,5,2.5338595,5.9260459999999995,0.0,1.1002399999999999,-3.60336,0.80408,-0.374,1.434,0.6726,0.588965,-0.187826,-0.6257050000000001,4.7036,1.1959
241,438,2,8.566513,-0.6812227,0.0,1.8342470000000002,-4.485653,0.76753,0.135,1.559,1.305,0.6056590000000001,-0.294489,-0.38895100000000005,6.3199,1.8893
242,440,3,4.2514997,-0.2746765,0.0,1.7066759999999999,-2.002424,0.75834,0.185,1.513,2.9322,0.44267799999999996,-0.13553099999999998,-0.37396999999999997,3.7091,1.4964
243,441,1,4.6854366999999995,2.9473700000000003,0.0,1.081339,-2.609161,0.8327700000000001,-0.169,1.978,0.0,0.343123,-0.148145,-0.5566949999999999,3.6905,1.0902
244,442,2,7.949275999999999,-0.5544581000000001,2.729557,0.991455,-2.887845,0.54259,0.07,1.926,1.6443,0.367293,-0.57992,-0.5376770000000001,3.8793,1.0725
245,443,2,8.009839999999999,-0.6477175999999999,0.408885,0.554201,-2.979899,0.46175,-0.335,2.365,8.9698,0.32424899999999995,-0.286717,-0.420258,3.5341,0.8858
246,444,1,5.8116937,3.2923440000000004,0.160484,0.9782190000000001,-2.3306810000000002,0.89412,-0.197,2.46,0.0025,0.10394300000000001,-0.126833,-0.8095760000000001,3.3089,1.274
247,446,2,7.7391977,-0.6378891,0.0,0.791586,-1.469214,0.57084,0.348,3.569,10.3307,0.069824,-0.41494,-0.615697,2.2608,0.7684
248,447,1,3.852617,2.5223424,0.17434000000000002,0.697671,-1.5196290000000001,0.704,-1.113,1.465,2.4533,0.25285799999999997,-0.150496,-0.9832299999999999,2.2173,0.8205
249,448,3,2.3290512999999997,0.050976284000000004,0.0,2.6222790000000002,-2.230221,0.53535,0.681,1.189,1.1179,0.821147,-0.379551,-0.315809,4.8525,1.4607
250,449,3,3.4915644999999995,-0.9314934000000001,0.0,1.625995,-2.9806049999999997,0.58224,-0.152,1.184,0.0006,1.7920369999999999,-0.152882,-0.19961900000000002,4.6066,0.5943
251,450,3,2.3011513,0.095627405,0.0,2.479736,-1.890764,0.49278,0.865,1.292,2.6492,1.065792,-0.34147,-0.26665900000000003,4.3705,1.0434
252,451,3,5.638164499999999,0.51768285,0.0,1.583442,-2.6821580000000003,0.75157,0.033,2.711,4.0954,0.347862,-0.24155700000000002,-0.39436,4.2656,1.2455
253,452,4,0.6011211999999999,0.90588963,0.0,2.7266060000000003,0.379206,0.44678999999999996,1.347,0.904,0.0003,-0.089035,-0.529624,-0.42320100000000005,2.3474,1.8708
254,453,2,8.409158999999999,-0.61346036,0.001184,0.9600040000000001,-4.377296,0.9582299999999999,-0.014,1.206,0.0532,0.995202,-0.254208,-0.46590600000000004,5.3373,1.5963
255,455,1,6.500765,3.3683794000000002,10.297452999999999,1.040258,-2.021242,0.80176,0.152,2.578,2.5677,0.129894,-0.224649,-0.7769159999999999,3.0615,1.1455
256,456,3,3.5762506000000003,1.3092538,0.06539400000000001,1.759946,-1.750054,0.75953,0.255,1.522,2.755,0.36506,-0.29072800000000004,-0.44769200000000003,3.51,1.2272
257,457,1,6.1308665,3.7161891000000002,6.858032000000001,1.365846,-1.6721540000000001,0.63113,-1.174,3.313,0.0029,0.36497399999999997,-0.281531,-0.926272,3.038,0.6261
258,458,3,3.7423212999999995,1.4625063999999999,0.0,2.003543,-2.483857,0.81198,0.004,2.516,2.5274,0.32972399999999996,-0.22662600000000002,-0.30688000000000004,4.4874,1.5715
259,459,4,3.2900593000000002,2.226819,0.031077999999999998,1.7716610000000002,-2.113939,0.78265,-1.447,2.772,0.0274,0.43439399999999995,-0.188985,-1.077158,3.8856,0.9515
260,460,2,7.225117999999999,2.2104955000000004,0.0,0.837426,-2.854874,0.8376399999999999,-0.033,4.977,0.0,0.271092,-0.24831,-0.930948,3.6923,0.9315
261,461,2,7.4614954,2.0120351000000003,0.10251500000000001,1.381522,-2.199278,0.68107,-1.731,3.645,3.8214,0.317981,-0.315077,-1.515242,3.5808,0.8472
262,462,5,4.704931,5.0817227,0.092331,1.632308,-2.021292,0.49792,-0.722,2.188,0.0199,1.306537,-0.315091,-0.331898,3.6536,0.6149
263,463,4,2.026786,2.942732,0.10687200000000001,1.7706389999999999,-1.766361,0.49421000000000004,0.563,1.326,2.4673,0.949435,-0.21365399999999998,-0.428708,3.537,0.557
264,464,4,0.7911289,0.7084676,0.177282,1.8533330000000001,-1.435767,0.53162,-0.668,2.985,0.0083,0.988426,-0.263167,-0.46273800000000004,3.2891,0.5159
265,465,2,6.502345,1.5719713,4.669169999999999,1.328043,-2.422757,0.48078000000000004,1.035,1.609,2.9677,0.559733,-0.207102,-0.512484,3.7508,0.8858
266,466,1,4.2827697,2.432162,1.1847940000000001,1.438647,-1.604653,0.8235,0.489,1.885,0.0008,0.18877,-0.299112,-0.5405300000000001,3.0433,1.1931
267,468,3,3.6511839999999998,1.2850605,4.654998,1.732377,-1.716223,0.5372600000000001,1.267,1.268,2.2015,1.031829,-0.427457,-0.389681,3.4486,0.6449
268,469,2,8.491807000000001,-0.55366576,0.014212,1.1093389999999999,-2.854861,0.8076800000000001,0.41,1.015,0.0565,0.34317800000000004,-0.278781,-0.749686,3.9642,1.1269
269,470,4,2.018836,1.7731205,0.0,1.631291,-3.275809,0.80809,-0.477,1.699,0.0099,0.656817,-0.08536200000000001,-0.344018,4.9071,1.3265
270,471,4,0.9794315,2.4118462000000003,0.0,1.7984080000000002,-2.585692,0.517,-0.302,1.128,1.2415,1.0477940000000001,-0.16359,-0.37394499999999997,4.3841,0.6045
271,472,2,7.9629582999999995,0.9887176,0.244743,0.42448500000000006,-2.7660150000000003,0.62027,-0.006,2.404,5.8841,0.34689899999999996,-0.251655,-0.55681,3.1905,0.6807
272,473,4,1.217871,1.7613144,0.0,1.9493220000000002,-1.253978,0.664,-0.425,1.425,3.5417,0.46543,-0.191456,-0.511061,3.2033,1.0554
273,474,4,2.4139376,3.4947076,0.0,0.8800899999999999,-3.18141,0.54197,0.64,1.884,1.4188,0.880289,-0.27425900000000003,-0.56121,4.0615,0.4751
274,475,1,5.5717300000000005,4.197804,0.005974,1.24925,-1.44245,0.59313,-0.251,0.833,0.4083,1.088749,-0.36240100000000003,-0.463887,2.6917,0.3864
275,476,2,6.2041564000000005,-0.16485171,0.0,0.27715100000000004,-3.466449,0.76886,-1.213,0.776,0.0494,0.26950599999999997,-0.406435,-0.6044579999999999,3.7436,0.9582
276,477,5,4.9345183,5.7641945,1.0303280000000001,1.474097,-2.246603,0.47034,0.608,1.404,2.6987,0.9569139999999999,-0.435758,-0.868189,3.7207,0.5482
277,478,4,0.39868805,0.7067897,0.0,1.517919,-3.260981,0.6472100000000001,0.235,2.512,0.0102,1.249269,-0.078096,-0.32498299999999997,4.7789,1.2085
278,479,4,2.2023013,3.230369,0.0,1.746523,-1.7840770000000001,0.43814,-0.754,1.348,4.1482,0.792609,-0.195787,-0.539981,3.5306,0.6969
279,480,2,7.500981299999999,0.89817613,0.00242,0.685333,-2.470167,0.89979,0.057,2.392,0.1803,0.22112600000000002,-0.284588,-0.539774,3.1555,1.3194
280,481,5,4.655385,6.0072846,0.0,0.894167,-2.9079330000000003,0.6953,0.084,1.696,2.4033,0.51179,-0.395807,-0.093686,3.8021,1.0684
281,482,2,7.8989406,1.9145123,0.0,1.583947,-3.609153,0.95606,0.117,1.693,0.383,0.753654,-0.407505,-0.222544,5.1931,1.5327
282,483,4,0.5377451999999999,2.8702195,0.0,2.135023,-2.420877,0.41922,0.361,1.293,2.7355,0.769419,-0.212748,-0.28031300000000003,4.5559,1.157
283,484,3,4.3271475,-0.78494096,0.0,0.986986,-2.887114,0.6793,-0.075,1.691,2.4787,0.516709,-0.347447,-0.41656400000000005,3.8741,0.992
284,485,3,2.3213055000000002,-0.29375455,0.0,1.534433,-2.3233669999999997,0.79237,-0.075,1.844,3.6194,0.323135,-0.706973,-0.544833,3.8578,1.3118
285,486,4,1.8527620999999999,2.7216923,0.0,0.802804,-3.780496,0.75746,-0.232,1.367,1.6076,0.647651,-0.17563299999999998,-0.429568,4.5833,1.0592
286,487,2,7.0215783,1.0367773,3.3935160000000004,1.311925,-2.445275,0.48453999999999997,0.958,1.682,2.9042,0.396573,-0.207587,-0.525573,3.7572,0.9487
287,488,2,8.557963,-0.7473565999999999,0.012437,1.4011850000000001,-3.416715,0.9342600000000001,0.189,1.202,0.0009,0.999381,-0.342041,-0.9144450000000001,4.8179,1.3722
288,489,3,5.0185995000000005,-0.23834360000000002,0.0,1.450623,-2.871577,0.51363,0.29,1.734,0.004,0.561178,-0.155581,-0.22406900000000002,4.3222,1.187
289,490,3,4.399331,-0.337959,0.0,2.262642,-2.507658,0.43251999999999996,0.451,1.435,2.8326,0.502078,-0.241785,-0.288453,4.7703,1.3994
290,491,3,4.6307535,-0.37264514,0.0,2.165283,-2.7971169999999996,0.8679899999999999,0.33,1.455,1.0432,0.678516,-0.31611300000000003,-0.380679,4.9624,1.5697
291,492,5,2.4908342,5.9689555,0.0,0.787582,-3.650818,0.5315300000000001,-0.188,1.708,3.5059,0.8608120000000001,-0.181043,-0.618711,4.4384,0.9356
292,493,3,2.736224,0.53950167,0.0,2.2414959999999997,-0.9749040000000001,0.81824,-0.29,1.902,0.2508,0.181858,-0.5171899999999999,-0.34918299999999997,3.2164,1.1907
293,494,3,4.8639529999999995,0.90345156,1.445224,1.210464,-2.149236,0.47471,0.332,1.452,2.4213,0.966283,-0.223848,-0.46367700000000006,3.3597,0.7934
294,495,3,4.8748727,-0.8462395,0.0,2.176386,-2.172614,0.79396,0.468,0.993,0.0,0.503081,-0.294124,-0.323348,4.349,1.3388
295,496,4,1.5818808000000002,2.2466342,0.0,1.112986,-2.8807139999999998,0.6271800000000001,0.481,1.431,0.8504,0.836874,-0.074099,-0.444804,3.9937,0.9625
296,497,3,3.5492817999999997,1.2666712,0.048877,1.852234,-2.189966,0.8904700000000001,0.202,1.329,1.0779,0.264203,-0.360203,-0.416995,4.0422,1.5106
297,498,3,4.4893785,-0.62121844,0.0,2.044234,-3.162966,0.8291799999999999,-0.28,1.477,0.8512,0.8008149999999999,-0.324912,-0.350647,5.2072,1.3965
298,499,5,4.8850940000000005,5.455254599999999,0.0,1.9450619999999998,-1.3179379999999998,0.49778,0.782,1.56,3.5185,1.263823,-0.329959,-0.431007,3.263,0.4891
299,500,3,5.4398089999999995,1.1071434,1.088584,1.285828,-2.506872,0.48932,0.605,1.124,2.3367,0.8906719999999999,-0.33058200000000004,-0.51398,3.7927,0.6931
300,501,2,6.620188000000001,1.4025733,0.017034999999999998,1.070942,-2.1388580000000004,0.76275,0.355,3.314,4.7299,0.23281300000000002,-0.24569899999999997,-0.577758,3.2098,1.1211
301,502,1,4.8928356,3.459696,0.009003,1.9243299999999999,-2.1653700000000002,0.83852,-0.366,1.353,0.6801,0.37180100000000005,-0.358398,-0.841995,4.0897,1.2067
302,503,5,4.326075599999999,5.1357,0.038198,1.1506370000000001,-2.739363,0.47426,0.745,1.387,2.423,0.956522,-0.29746500000000003,-0.374681,3.89,0.8709
303,504,4,0.46659407,2.7452688,1.9879380000000002,1.557318,-2.105282,0.64852,-0.421,1.406,1.0664,0.43568500000000004,-0.47851800000000005,-0.33145399999999997,3.6626,1.1926
304,505,4,2.1824223999999997,3.1083372000000002,0.310094,1.613243,-2.565157,0.72111,-0.274,1.58,1.458,0.566185,-0.256998,-0.344572,4.1784,0.9311
305,506,3,3.7801852,1.4969709999999998,0.0,1.8614,-2.587,0.7598699999999999,0.018,1.385,1.9116,0.523822,-0.2475,-0.316707,4.4484,1.4181
306,507,5,3.6987547999999997,6.0177736,0.0,1.4587729999999999,-2.926527,0.83752,0.417,2.897,0.1741,0.33660500000000004,-0.47155699999999995,-0.485228,4.3853,1.2949
307,508,4,1.2539643999999999,2.0508256,0.0,1.7557150000000001,-3.022585,0.76883,-0.55,1.764,1.2202,0.49872799999999995,-0.095315,-0.298454,4.7783,1.5613
308,509,3,3.7106779000000003,1.3510218999999999,0.0,1.901647,-2.3943529999999997,0.80447,0.169,1.779,0.7763,0.43312700000000004,-0.369185,-0.45641499999999996,4.296,1.2066
309,510,3,3.1595306,-0.14080669,0.168179,1.8662450000000002,-2.038855,0.52293,-0.609,2.455,0.0088,0.802586,-0.314448,-1.004498,3.9051,0.8196
310,511,3,3.1670325,-0.13950226,0.0,2.121191,-1.802509,0.48545,-1.995,3.141,0.0615,0.731755,-0.31149099999999996,-0.9177290000000001,3.9237,0.7658
311,512,2,7.9964857,1.0291436,0.067133,0.36636799999999997,-2.784732,0.61644,-0.102,2.445,6.0834,0.346765,-0.254527,-0.553099,3.1511,0.6604
312,513,2,8.098144,1.3564018,0.0,0.009347,-3.859953,0.66337,0.566,2.103,0.0786,0.45969499999999996,-0.140032,-0.397569,3.8693,0.7049
313,514,5,4.9843173,5.243434400000001,0.0,1.7810740000000003,-2.4544259999999998,0.71385,-0.009,1.748,3.0584,0.640645,-0.326427,0.12066500000000001,4.2355,1.1606
314,515,3,3.6672924,1.3123026000000002,0.0,1.909818,-2.504082,0.7682399999999999,0.139,0.934,0.6099,0.5698770000000001,-0.35548,-0.29042399999999996,4.4139,1.1562
315,516,4,0.31853175,0.6618045,0.0,1.892899,-2.938501,0.86006,-0.125,2.42,0.004,0.732007,-0.100053,-0.352724,4.8314,1.3835
316,517,3,2.7024314,0.11811674400000001,0.030098000000000003,2.133022,-2.2948779999999998,0.74092,-0.315,2.327,0.0,0.437576,-0.376415,-0.343992,4.4279,1.324
317,518,4,1.8847854,3.6465235000000003,0.0,1.178221,-2.638779,0.64351,-0.294,1.76,1.9338,0.5430520000000001,-0.295796,-0.49788599999999994,3.817,0.9022
318,519,3,5.520881,-0.05946585,0.0,0.587438,-2.986462,0.42563,-0.292,2.048,8.8622,0.415476,-0.351174,-0.44777,3.5739,0.6491
319,520,1,5.061407,2.8306906,0.057188,0.8318969999999999,-3.078403,0.7228,0.117,1.565,1.746,0.44018500000000005,-0.18146199999999998,-0.693415,3.9103,0.8375
320,521,2,7.2394169999999995,2.2393415,0.0,0.793037,-2.793063,0.8355299999999999,-0.055,5.48,0.0,0.264425,-0.29191100000000003,-1.113305,3.5861,0.8705
321,522,4,2.1768587000000004,0.7831533,0.0,2.445804,-2.2128959999999998,0.87465,0.232,1.359,0.352,0.733597,-0.30309,-0.211885,4.6587,1.3962
322,523,5,2.7379922999999997,6.382815,0.006067,1.754731,-2.4915689999999997,0.42225,0.172,1.421,1.8708,1.276117,-0.247817,-0.633443,4.2463,0.7511
323,524,3,4.5228148,1.3689243,0.0,1.63085,-2.23375,0.50136,0.598,1.305,2.3625,0.9780200000000001,-0.29482800000000003,-0.39266799999999996,3.8646,0.7415
324,525,5,3.884064,6.081396,0.0,1.620797,-3.432903,0.9239700000000001,0.341,1.242,0.3427,0.9217,-0.42193100000000006,-0.6265310000000001,5.0537,1.4899
325,526,3,4.862166,-1.2854807,0.0,0.863658,-3.5909419999999996,0.74405,-0.05,2.09,2.8343,0.243827,-0.329079,-0.30997800000000003,4.4546,1.363
326,527,3,3.7228544,0.7408328000000001,0.0,1.5117,-2.1584,0.7779699999999999,0.078,1.48,0.9952,0.524138,-0.339729,-0.30554499999999996,3.6701,1.0151
327,529,2,8.21475,2.0719564,0.099602,0.468013,-1.473087,0.69234,-0.726,1.721,0.4975,0.604029,-0.27619499999999997,-0.6606270000000001,1.9411,0.8019
328,530,2,8.461341000000001,-0.65881366,0.0,0.9065790000000001,-2.668621,0.8374299999999999,0.05,2.52,1.0978,0.24697600000000003,-0.204983,-0.593325,3.5752,1.3248
329,531,1,3.9849586,2.5763729,0.0,0.8619469999999999,-2.605453,0.8312200000000001,-0.37,2.643,0.0041,0.252251,-0.109259,-0.592619,3.4674,1.3027
330,532,1,5.341883999999999,4.7339363,0.0,1.3678270000000001,-1.316273,0.54711,0.214,1.62,2.3001,0.800686,-0.380893,-0.752333,2.6841,0.463
331,533,5,4.9369616999999995,5.5186324,0.0,1.325036,-1.9817639999999999,0.52854,0.048,1.244,2.1677,1.325441,-0.40081700000000003,-0.533958,3.3068,0.4624
332,534,3,5.592378,-0.12558272,0.0,0.6786439999999999,-2.827156,0.56914,0.115,2.691,7.758,0.32348499999999997,-0.362762,-0.45073900000000006,3.5058,0.7982
333,535,1,5.908483,3.1206856,2.55566,1.078327,-1.973473,0.6167199999999999,-0.175,1.19,2.0632,0.6877479999999999,-0.195224,-0.549484,3.0518,0.6481
334,536,1,6.7999663,2.613342,0.136376,0.6562479999999999,-3.111952,0.80657,0.142,3.371,0.0024,0.29687199999999997,-0.170879,-0.67835,3.7682,1.0525
335,537,5,4.6505246,6.0249394999999994,0.0,1.082292,-2.8264080000000003,0.55414,0.237,1.484,2.6966,0.7311880000000001,-0.390229,-0.37357199999999996,3.9087,0.7558
336,538,1,5.9051642,4.530018,0.15498900000000002,0.14868199999999998,-3.608818,0.9494799999999999,-0.262,2.245,0.0035,0.614721,-0.593795,-0.7724300000000001,3.7575,0.9885
337,539,4,2.1103767999999996,2.9571476000000003,0.0,2.156698,-0.318702,0.5878800000000001,-0.613,1.681,0.0009,0.631464,-0.225965,-0.422688,2.4754,0.6353
338,540,1,5.4999769999999994,2.8057516,14.588479000000001,1.122144,-2.336656,0.69095,-0.028,1.452,2.2768,0.373504,-0.196325,-0.613838,3.4588,0.6682
339,541,3,5.2983856,0.1719321,0.07892,1.732861,-2.332239,0.8261799999999999,-0.746,2.408,0.0035,0.526516,-0.188237,-0.968835,4.0651,1.0425
340,542,2,6.547772,0.041274097,0.0,-0.096474,-4.319274,0.7359,0.442,1.037,0.5629,0.604683,-0.17294500000000002,-0.39614699999999997,4.2228,1.0556
341,543,4,3.0438352,2.2201376,0.0,1.768641,-2.405259,0.70176,-0.518,2.322,0.0004,0.37732899999999997,-0.182949,-0.610271,4.1739,1.1631
342,544,4,1.5326996000000002,3.012338,0.0,0.23950900000000003,-3.7772910000000004,0.47468,-0.167,1.706,4.6917,0.735424,-0.291285,-0.44463100000000005,4.0168,0.6395
343,545,1,5.710225599999999,1.8901476000000001,0.0,1.000964,-2.903936,0.8451799999999999,0.293,1.428,0.0,0.36538699999999996,-0.142591,-0.442607,3.9049,1.2056
344,546,1,6.4313970000000005,3.2014916,0.008513,0.574492,-2.4287080000000003,0.89533,0.02,2.705,0.1636,0.10995,-0.164712,-0.772393,3.0032,1.2094
345,547,3,4.87654,-0.48356512,0.082597,0.924365,-2.758035,0.60225,0.076,2.736,7.0897,0.361012,-0.378091,-0.445346,3.6824,0.8538
346,548,3,4.452945,-1.3174591,0.0,0.8551549999999999,-4.279344999999999,0.7609899999999999,-0.166,1.376,1.8258,0.846053,-0.274841,-0.294664,5.1345,1.2996
347,549,1,6.634786999999999,4.0301023,0.002124,1.484577,-2.509923,0.8587299999999999,1.174,1.055,0.038,0.40954,-0.549447,-0.337872,3.9945,1.1166
348,550,3,4.9316683,-1.2662396,0.0,0.7885989999999999,-3.153501,0.69481,0.056,1.72,2.7266,0.533877,-0.30997399999999997,-0.330099,3.9421,1.0009
349,551,2,7.9299783999999995,1.6651131000000001,0.079012,0.8464,-2.4694,0.48682,-0.559,1.699,3.6006,0.689426,-0.244571,-0.41249600000000003,3.3158,0.4161
350,552,4,2.0930815,-0.04641321,0.0,2.399946,-1.400754,0.52068,0.512,0.949,1.811,1.458516,-0.321335,-0.18118499999999998,3.8007,0.5265
351,553,2,8.433095,2.0753071,0.053949000000000004,0.161716,-1.937284,0.8953700000000001,0.026,2.779,0.0001,0.094199,-0.26266799999999996,-0.6034510000000001,2.099,1.1529
352,554,5,4.9988737,5.676929,0.0,2.492045,-1.933455,0.79408,-0.348,1.648,0.5172,0.769983,-0.838867,0.571106,4.4255,1.1968
353,555,2,8.049124,1.6054808999999999,0.0,1.180188,-3.999712,0.92494,0.13,1.83,0.0246,0.621236,-0.163921,-0.344769,5.1799,1.4448
354,556,2,7.928660400000001,-0.5313074000000001,0.173493,0.690476,-3.106424,0.65398,0.031,2.195,4.5065,0.179539,-0.266974,-0.402485,3.7969,1.1475
355,557,3,2.3390632,-0.16789714,0.0,2.173897,-1.7879029999999998,0.52409,0.166,1.352,1.3747,1.3235139999999999,-0.347028,-0.405436,3.9618,0.798
356,558,1,4.841679599999999,3.0990014,0.012515,0.869834,-2.073366,0.8833700000000001,-0.034,1.597,0.0008,0.17951,-0.102025,-0.719802,2.9432,1.2721
357,559,4,0.48447606,0.5852205,0.0,2.2805560000000002,-0.5938439999999999,0.57792,0.182,0.686,0.0005,1.124754,-0.229735,-0.372794,2.8744,0.8354
358,560,3,3.6881816,-0.9710859000000001,0.0,1.707134,-2.687866,0.59678,-0.643,1.181,1.1781,0.752926,-0.309336,-0.38201199999999996,4.395,0.9901
359,561,3,4.374301,-0.7328089,0.000715,1.105907,-2.917793,0.6835899999999999,0.14,1.473,2.7964,0.543852,-0.32343099999999997,-0.395266,4.0237,0.9847
360,563,2,7.9025407,2.0708835,1.166211,0.675849,-2.3599509999999997,0.5888800000000001,1.036,1.591,3.0572,0.306846,-0.353161,-0.491129,3.0358,0.6064
361,564,5,2.918742,6.385212999999999,0.011161,0.819998,-2.524202,0.66301,0.564,1.569,1.6408,0.53905,-0.266837,-0.592199,3.3442,0.7992
362,566,2,7.755302,2.0427356,2.523963,0.8979370000000001,-2.8937630000000003,0.62279,-0.232,1.832,6.2079,0.345725,-0.308775,-0.656111,3.7917,0.8199
363,567,4,1.3348223,2.451493,0.0,1.7389919999999999,-1.517608,0.71537,-0.506,1.33,2.3882,0.493167,-0.175964,-0.3692,3.2566,1.3057
364,568,5,3.8525896,5.011376,0.0,1.5810440000000001,-2.003156,0.5234300000000001,-0.533,0.955,0.8277,1.412826,-0.229479,-0.17765899999999998,3.5842,0.5585
365,569,5,2.783703,6.454231,0.026572000000000002,1.7414150000000002,-2.561785,0.57539,0.058,1.15,0.9938,1.229201,-0.332241,-0.6642680000000001,4.3032,0.7847
366,571,2,7.685780499999999,-0.12633573,0.0,0.093376,-4.137424,0.82432,-0.508,0.792,0.0673,0.25286,-0.326814,-0.46377700000000005,4.2308,1.2461
367,572,3,4.923047,0.9256213,4.21619,1.246916,-2.548484,0.48657,0.733,1.4,2.4499,1.4960209999999998,-0.325755,-0.438722,3.7954,0.5676
368,573,1,6.310461,3.8615562999999993,0.0,1.19485,-0.97565,0.8727,0.246,2.424,0.0001,0.091943,-0.44241199999999997,-1.3120450000000001,2.1705,0.9309
369,574,3,5.1075373,-0.190936,0.0,1.813404,-2.7128959999999998,0.5566800000000001,-0.906,2.968,0.0016,0.9433889999999999,-0.22316999999999998,-0.332444,4.5263,1.0809
370,575,5,2.6699097000000003,6.434112,0.023705,1.7516169999999998,-2.151783,0.51012,0.32,1.667,1.9114,1.2314040000000002,-0.283456,-0.490519,3.9034,0.5464
371,576,4,0.56344897,2.8490074,0.0,2.192754,-2.3855459999999997,0.46685,0.344,1.301,1.4736,0.728761,-0.259157,-0.329858,4.5783,1.1818
372,577,4,1.1277549999999998,1.9725541000000002,0.0,2.3702959999999997,-2.6760040000000003,0.52625,0.088,1.085,1.9261,0.647943,-0.165456,-0.383024,5.0463,1.3855
373,578,3,4.6875467,-0.5736956999999999,0.0,2.405165,-2.143535,0.81307,0.559,1.36,0.4094,0.513129,-0.303728,-0.291273,4.5487,1.4777
374,579,5,2.8309127999999997,6.1205764,0.0,0.8529180000000001,-2.840982,0.51227,0.046,1.508,1.7575,0.8555020000000001,-0.431886,-0.461388,3.6939,0.8623
375,580,1,7.1233683,2.6137083,5.348914,1.007685,-2.424915,0.5262899999999999,0.305,2.376,8.2345,0.35534699999999997,-0.220815,-0.565884,3.4326,0.8682
376,581,1,7.0798190000000005,3.23996,0.012216,0.6869460000000001,-2.595654,0.33941,-0.224,1.763,8.2821,0.463459,-0.331179,-0.554204,3.2826,0.6528
377,582,2,8.500693,-0.30900079999999996,0.0,0.383372,-3.772628,0.46073000000000003,0.111,1.286,4.6614,0.778771,-0.139707,-0.516893,4.156,0.6459
378,583,4,2.3697022999999997,2.7763395,0.0,1.7859509999999998,-2.864849,0.75365,-0.087,1.695,2.406,0.618387,-0.152882,-0.47273000000000004,4.6508,1.2128
379,584,1,5.959512999999999,3.9029,0.0,1.006977,-1.3510229999999999,0.64663,-0.227,2.681,0.0002,0.508253,-0.283364,-0.807557,2.358,0.5367
380,585,5,4.252494,4.8204412,0.0,1.3201889999999998,-2.450711,0.48095,0.749,1.362,2.4959,0.835664,-0.278518,-0.331583,3.7709,0.7558
381,586,4,2.6177466000000003,3.1584587,0.234026,1.520141,-2.204659,0.46986000000000006,0.624,1.314,2.4351,1.004173,-0.15923199999999998,-0.41331899999999994,3.7248,0.5562
382,587,3,3.9097757000000004,-0.99746275,0.0,1.1679979999999999,-4.031002,0.8432299999999999,0.038,1.231,0.368,0.531378,-0.282109,-0.362313,5.199,1.7726
383,588,1,5.650796400000001,2.0597305,1.6589759999999998,1.260159,-2.116941,0.73727,0.405,3.358,5.2091,0.30253800000000003,-0.221906,-0.55943,3.3771,0.9808
384,589,4,1.8356673,2.4267015,0.0,1.894163,-2.483037,0.69697,-0.46,1.475,1.4059,0.581758,-0.205442,-0.373834,4.3772,1.1094
385,590,2,7.364109,2.0526116,0.0,1.15936,-2.84164,0.7472,-0.124,2.045,2.0947,0.435001,-0.220919,-0.8335379999999999,4.001,0.9923
386,591,2,8.141302,1.4924928,0.0,1.3482530000000001,-3.864247,0.72475,0.65,1.377,1.6339,0.6221180000000001,-0.22390300000000002,-0.40102600000000005,5.2125,1.4817
387,593,4,1.0733128,2.8554633,0.0,1.370562,-3.093438,0.8156399999999999,-0.435,1.643,1.1765,0.320279,-0.263778,-0.34556,4.464,1.3546
388,594,3,3.7967498,-1.0661108,0.0,0.518776,-5.667324,0.77595,-0.302,1.146,2.3255,0.601018,-0.356988,-0.539912,6.1861,2.2092
389,596,2,8.192785,1.8841429,0.0,1.4339620000000002,-3.6028379999999998,0.723,-0.117,1.569,1.0169,0.595059,-0.272161,-0.28441500000000003,5.0368,1.3471
390,597,1,7.0273614,3.3753757000000006,0.0,0.6921430000000001,-3.214057,0.825,0.354,1.473,0.535,0.36088200000000004,-0.420329,-0.44721400000000006,3.9062,1.2506
391,598,2,8.056604,1.4899738999999999,0.0,0.062116,-3.850084,0.6522,0.61,2.092,0.0081,0.468921,-0.140047,-0.37319,3.9122,0.7234
392,599,2,8.196731,1.5647569,0.0,0.36057,-3.9157300000000004,0.70898,-0.479,2.227,1.7701,0.33610100000000004,-0.641101,-0.42625,4.2763,0.7707
393,600,3,4.924539,-1.2788788,0.0,0.884491,-3.245909,0.7014600000000001,0.227,1.599,2.8577,0.528605,-0.317198,-0.342211,4.1304,1.0674
394,601,4,2.6476297000000004,3.1838992000000004,0.0,1.437656,-3.306544,0.56328,0.579,2.13,0.1405,0.842408,-0.117244,-0.557052,4.7442,1.2501
395,602,5,3.0925677000000005,6.119663200000001,0.0,0.551056,-4.509544,0.88584,-0.015,1.255,0.0972,0.8503440000000001,-0.268547,-0.33624699999999996,5.0606,1.3523
396,603,1,6.141256299999999,1.8277221999999997,5.252466,1.328638,-2.4223619999999997,0.47967,1.038,1.6,2.9568,0.519696,-0.21192600000000003,-0.45781499999999997,3.751,0.8961
397,604,4,2.5518167000000003,3.435911,0.0,1.7209990000000002,-2.539701,0.65569,-0.458,1.486,1.8647,0.608283,-0.2146,-0.12013399999999999,4.2607,0.9244
398,605,2,7.274316000000001,2.155364,0.045745,1.038037,-3.286063,0.9233,0.021,2.18,0.0068,0.543357,-0.195652,-0.741024,4.3241,1.2593
399,606,2,7.211524000000001,0.55694467,0.0,1.044597,-3.602303,0.85661,-0.003,0.792,0.0141,0.327397,-0.116934,-0.42063100000000003,4.6469,1.4399
400,607,3,5.0010867,-0.4829085999999999,0.0,1.683289,-3.6728110000000003,0.96398,0.273,1.349,0.3627,0.9889040000000001,-0.367111,-0.282016,5.3561,1.6443
401,608,3,4.9821043,1.0111533000000001,0.0,1.4855530000000001,-2.422047,0.50354,0.491,1.212,2.1439,1.310926,-0.292147,-0.294569,3.9076,0.6642
402,609,4,1.9201724999999998,2.751211,0.0,0.573947,-3.786753,0.50451,0.369,1.238,2.634,0.74654,-0.18137,-0.42129399999999995,4.3607,0.8723
403,610,5,4.820423,5.8455606,0.0,1.611632,-1.1779680000000001,0.6634,0.137,0.873,0.0,0.890241,-0.19941099999999998,-0.265397,2.7896,0.8708
404,611,2,8.048797,0.9505853000000001,0.0,0.695642,-3.673258,0.66033,0.509,1.742,2.6111,0.553501,-0.142996,-0.42142299999999994,4.3689,0.8509
405,612,5,4.4821444,5.346044,1.061806,1.435913,-2.3266869999999997,0.47157,0.703,1.296,2.5097,1.55903,-0.268985,-0.160661,3.7626,0.5534
406,613,5,4.4854519999999996,5.393248000000001,2.337107,1.538197,-2.029303,0.4734,1.042,1.569,3.3156,1.485948,-0.267312,-0.171508,3.5675,0.5232
407,614,4,2.9872360000000002,3.2901459,0.104974,1.189937,-1.376363,0.55799,-0.473,1.461,3.1725,0.715684,-0.260162,-0.577919,2.5663,0.506
408,615,4,0.5754178000000001,2.8490933999999997,0.0,2.25769,-2.4045099999999997,0.47043999999999997,0.639,1.156,2.0217,0.973891,-0.236389,-0.29488200000000003,4.6622,1.2005
409,616,5,3.0326595000000003,6.2147794,0.0,1.066662,-2.852838,0.45683999999999997,0.76,1.384,2.4712,0.5192760000000001,-0.336466,-0.43118199999999995,3.9195,1.0735
410,618,3,4.9631176,-0.51696444,0.0,1.511116,-3.828384,0.9642700000000001,0.153,1.32,0.0,1.117046,-0.42246999999999996,-0.363643,5.3395,1.6424
411,619,4,3.3811082999999997,2.2513306,0.0,2.1812720000000003,-2.763928,0.76363,-0.344,2.245,3.0369,0.38911399999999996,-0.20433800000000002,-0.308438,4.9452,1.6197
412,620,2,6.680051,0.6986571,0.0,1.961925,-2.760375,0.75464,0.327,1.202,0.1181,0.350977,-0.227525,-0.45195799999999997,4.7223,1.4244
413,621,3,3.0805863999999996,0.5416352,0.0,2.643616,-2.112184,0.85105,0.654,0.759,0.0001,0.446167,-0.315661,-0.23995300000000003,4.7558,1.6422
414,622,5,4.271525,4.9772077,0.014474,1.629905,-1.8246950000000002,0.5083300000000001,-0.67,3.019,0.0011,1.327936,-0.240848,-0.365612,3.4546,0.5431
415,623,4,1.7140613999999998,2.690438,0.0,1.7907799999999998,-3.07532,0.71964,-0.845,1.032,0.2378,0.688732,-0.137818,-0.345882,4.8661,1.1764
416,625,4,1.7076220000000002,2.7236977,0.0,1.8460830000000001,-3.069617,0.76131,-0.653,1.212,0.6719,0.714989,-0.10303399999999999,-0.319159,4.9157,1.2566
417,627,4,1.7385831999999999,2.7528373999999998,0.0,1.846541,-3.091459,0.73538,-0.644,1.245,1.126,0.708272,-0.165218,-0.37485599999999997,4.938,1.2022
418,628,2,6.6989584,0.70869714,0.0,1.833007,-2.967293,0.88569,0.451,1.275,0.5595,0.557117,-0.214962,-0.437017,4.8003,1.4089
419,629,3,3.0292830000000004,0.49411616,0.0,2.425566,-2.417234,0.9404299999999999,0.14,1.271,0.0304,0.718642,-0.324524,-0.251892,4.8428,1.5627
420,630,5,4.2159815,5.036934400000001,1.650052,1.503571,-2.221629,0.49218999999999996,-0.439,1.139,1.4548,1.3260129999999999,-0.24736799999999998,-0.370523,3.7252,0.5913
421,631,3,4.9965779999999995,-0.46388075,0.0,1.6590220000000002,-3.682578,0.9666899999999999,0.18,1.214,0.0868,0.993376,-0.416392,-0.415012,5.3416,1.6431
422,632,2,8.371391000000001,1.8856181,0.0,1.34861,-3.7501900000000004,0.85465,0.42,1.698,1.34,0.397366,-0.176559,-0.35974,5.0988,1.4824
423,633,2,8.396367999999999,1.9035609,0.0,0.565397,-2.954103,0.85331,-0.055,1.956,0.0001,0.39466599999999996,-0.19542,-0.399254,3.5195,1.0102
424,636,1,5.4870715,3.6578730000000004,0.0,1.7941259999999999,-1.218674,0.5589,0.019,1.877,0.0013,0.737879,-0.199731,-0.638504,3.0128,0.4368
425,637,5,2.8451426,6.490539599999999,0.0,2.274712,-2.077988,0.6170899999999999,-0.648,2.089,1.2679,0.674523,-0.450266,-0.550633,4.3527,1.1644
426,638,1,5.759342,3.9706366,0.0,1.446542,-1.313958,0.55295,0.083,1.836,6.0143,0.389297,-0.248069,-0.5450659999999999,2.7605,0.5454
427,639,5,2.7206473,6.325262,0.0,2.164336,-2.390964,0.75927,0.736,1.161,0.142,0.748909,-0.21928699999999998,-0.559187,4.5553,1.2728
428,640,4,2.0791485,2.7006137000000003,0.0,1.468855,-3.0386450000000003,0.63153,0.356,2.384,0.0084,0.7971229999999999,-0.086913,-0.457987,4.5075,1.0927
429,641,1,5.429094999999999,2.0653080000000004,0.0,1.4180190000000001,-2.248381,0.46615,1.085,1.597,3.1664,0.8661110000000001,-0.193625,-0.311647,3.6664,0.884
430,642,4,2.3683810000000003,3.2858577000000007,0.874343,1.347223,-1.376277,0.55733,-0.39,1.509,3.5295,0.7073550000000001,-0.29893400000000003,-0.379083,2.7235,0.5308
431,643,1,6.7946186,3.0265896,2.059389,0.9530069999999999,-1.852293,0.82845,-0.19,1.699,0.5149,0.179395,-0.205473,-0.699604,2.8053,1.2
432,644,1,6.421713,4.0037274,0.0,1.206407,-0.963393,0.87313,0.233,2.866,0.001,0.089635,-0.745999,-1.6025770000000001,2.1698,0.9299
433,645,4,1.8132639,1.0954218999999998,0.0,2.119254,-2.714846,0.82137,0.299,1.429,1.3545,0.761579,-0.18043800000000002,-0.214544,4.8341,1.3886
434,646,4,2.0020599999999997,1.8224056,0.0,1.307734,-3.4686660000000002,0.58794,-0.064,1.665,2.0961,0.9946790000000001,-0.0834,-0.38527,4.7764,1.1735
435,647,4,0.7974899000000001,0.6972239,0.0,2.040038,-2.121162,0.67942,0.558,1.306,0.1134,0.72716,-0.36320399999999997,-0.42826499999999995,4.1612,0.8992
436,648,1,6.47384,3.5124883999999996,0.0,0.8229920000000001,-2.812708,0.65253,-0.039,2.084,4.7874,0.35547199999999995,-0.358425,-0.5943930000000001,3.6357,1.0749
437,649,1,4.951378,4.382060500000001,0.042450999999999996,1.590366,-2.019434,0.47786000000000006,0.968,1.333,2.9835,1.2127709999999998,-0.401972,-0.448391,3.6098,0.5436
438,650,1,6.2345877,2.1098689999999998,8.888616,1.646838,-2.021762,0.48913,-1.059,0.603,0.2093,0.475538,-0.302533,-0.619395,3.6686,0.9434
439,651,1,6.276568,1.9510676,9.928569,1.273023,-2.3454770000000003,0.71177,0.295,2.013,3.6577,0.386571,-0.190769,-0.43300299999999997,3.6185,1.178
440,652,2,7.876850599999999,0.9222126,0.855146,0.736517,-2.7036830000000003,0.91054,0.033,2.075,0.1137,0.100673,-0.260261,-0.689986,3.4402,1.3574
441,653,1,4.8496785000000004,3.373451,0.0,1.310797,-2.9119029999999997,0.7742100000000001,-0.485,1.045,0.4804,0.346879,-0.130831,-0.576719,4.2227,1.1521
442,656,1,4.4016433,2.8851666000000002,0.0,0.760885,-3.111215,0.7507199999999999,-0.157,1.382,0.1134,0.43549,-0.254063,-0.559934,3.8721,0.6919
443,657,2,8.315052,-0.43746004,0.084678,0.693575,-2.704625,0.82945,0.448,2.672,0.0003,0.232252,-0.29069,-0.9255260000000001,3.3982,1.2638
444,658,4,1.4830236,2.9964645,0.0,0.458168,-4.091532,0.38098000000000004,0.913,1.311,2.2207,0.699329,-0.186275,-0.508293,4.5497,1.1199
445,659,5,3.6792622,5.508115,2.684557,0.8123020000000001,-3.022198,0.47823999999999994,0.63,1.286,2.4354,1.0683479999999999,-0.357549,-0.527745,3.8345,0.5262
446,660,5,3.2954682999999996,6.1445093,0.0,0.95024,-2.68106,0.57485,0.191,1.379,2.9733,0.632239,-0.24096599999999999,-0.606982,3.6313,0.7102
447,661,3,3.7368127999999996,0.5148636999999999,0.088924,1.576977,-2.018223,0.48826,0.182,1.404,1.9022,1.52292,-0.30382800000000004,-0.290771,3.5952,0.5189
448,662,1,6.594389,3.6534936,2.965671,1.105367,-1.306933,0.7714,-0.159,0.745,0.1745,0.241644,-0.23317100000000002,-0.683009,2.4123,1.0655
449,663,5,3.2343345,5.450542400000001,0.0,1.8195419999999998,-2.2524580000000003,0.54065,0.638,1.725,0.0013,0.458732,-0.286664,-0.599458,4.072,1.0747
450,664,4,2.2028606,0.3866084,0.0,3.2716,-0.9417,0.88944,0.162,0.837,0.0,0.399301,-0.5193760000000001,-0.31766700000000003,4.2133,1.4756
451,666,3,3.8345137,0.5518063,0.0,1.9171900000000002,-1.5579100000000001,0.42788000000000004,1.354,1.788,5.041,0.538559,-0.20609299999999997,-0.49063999999999997,3.4751,1.2762
452,667,3,5.295635,-0.043719127999999996,0.0,1.021097,-3.0106029999999997,0.77281,0.079,2.823,2.4673,0.34172399999999997,-0.282763,-0.59535,4.0317,1.109
453,668,3,4.979148400000001,-1.2153653,0.0,1.117493,-3.510807,0.75798,0.008,2.134,2.5718,0.24222800000000003,-0.34517800000000004,-0.33846,4.6283,1.4842
454,669,2,7.340159,0.66423225,0.0,1.049252,-3.272448,0.8976200000000001,0.005,1.724,0.2674,0.336523,-0.186084,-0.401273,4.3217,1.5737
455,670,5,3.2826731,5.807208,7.6220550000000005,1.47947,-2.1008299999999998,0.66972,0.323,1.672,0.8525,0.5715100000000001,-0.238029,-0.401638,3.5803,0.7654
456,671,5,2.7635558,6.240787999999999,5.778804,1.175505,-2.631395,0.57202,0.057,1.405,3.1048,0.581432,-0.23452800000000001,-0.49131,3.8069,0.8671
457,673,4,1.9870163,0.5590538,0.0,2.654474,0.186574,0.8816299999999999,-0.24,2.822,0.0003,-0.13126400000000002,-0.488339,-0.371344,2.4679,1.8311
458,674,2,6.3822894,-0.07026468,0.0,-0.243648,-3.9791480000000004,0.70805,0.378,3.624,0.0046,0.43173900000000004,-0.27717800000000004,-0.612943,3.7355,0.7722
459,675,4,2.7507248,3.182578,0.95704,1.479433,-2.1619669999999998,0.489,0.452,1.406,2.1945,0.9092389999999999,-0.148775,-0.433807,3.6414,0.5494
460,676,1,6.0319824,3.212224,0.0,1.1606100000000001,-2.85689,0.8880100000000001,0.0,1.529,0.115,0.372044,-0.199177,-0.547381,4.0175,1.3455
461,677,1,5.1185794,2.9474782999999998,0.0,1.18005,-3.04075,0.91069,-0.254,2.448,0.0071,0.47321499999999994,-0.230161,-0.860484,4.2208,1.2112
462,678,1,5.163015000000001,2.1493073,0.0,1.34425,-2.93445,0.9290200000000001,-0.25,1.779,0.0014,0.77905,-0.16921,-0.371824,4.2787,1.4112
463,679,2,7.510457000000001,0.8440584999999999,2.451002,0.8504520000000001,-2.922548,0.6256,-0.192,2.203,6.1549,0.341543,-0.272933,-0.566641,3.773,0.8224
464,681,1,6.0745497,4.334886599999999,25.185694,1.209559,-2.875241,0.25508000000000003,-0.925,1.283,6.701,0.48782299999999995,-0.5034569999999999,-0.6900850000000001,4.0848,0.574
465,682,1,6.7106449999999995,3.819968,0.0,1.558594,-2.955406,0.58413,0.245,1.772,6.0199,0.399947,-0.483153,-1.3874950000000001,4.514,1.0885
466,683,1,4.685798999999999,2.7831194,0.0,1.609584,-3.190416,0.83081,-0.472,2.421,0.2793,0.35801700000000003,-0.115476,-0.347926,4.8,1.6414
467,684,3,4.751023,1.0824049999999998,0.0,1.704969,-3.329131,0.9242299999999999,-0.134,1.588,0.2969,0.381744,-0.323939,-0.269748,5.0341,1.6667
468,685,2,8.105285,1.6428218999999997,0.0,1.410989,-3.849511,0.9106,0.238,2.069,1.1487,0.607395,-0.20701799999999998,-0.35545,5.2605,1.5364
469,686,2,8.265234,0.10194492,0.0,0.43607299999999993,-4.263326999999999,0.80162,-0.277,2.143,0.428,0.498605,-0.397685,0.045391,4.6994,1.0879
470,687,4,0.7055429,0.6859962,0.0,0.46148199999999995,-4.556418,0.8817,-0.261,1.184,0.0085,1.319642,-0.21809499999999998,-0.374694,5.0179,1.3732
471,689,4,0.3672511,0.7198708,0.035312,2.182316,-2.5320840000000002,0.80648,0.219,1.494,1.3338,0.880033,-0.179868,-0.247819,4.7144,1.3045
472,690,1,5.544756400000001,4.465088,0.0,1.8473549999999999,-1.705345,0.81615,0.117,1.846,0.7076,0.25819200000000003,-0.33951,-0.593693,3.5527,1.2476
473,691,5,2.9480166000000003,5.915172599999999,1.9839060000000002,1.38106,-2.34764,0.50715,-0.715,2.167,0.0017,1.2708629999999999,-0.31661300000000003,-0.700864,3.7287,0.6155
474,692,2,7.699669999999999,0.82069486,0.679742,0.41791999999999996,-2.5857799999999997,0.8919600000000001,0.174,0.778,0.0106,0.19618,-0.131389,-0.525353,3.0037,1.3216
475,693,3,2.41932,-0.20808360000000004,0.468409,1.494939,-2.525661,0.63674,-0.329,1.335,1.1404,0.5973149999999999,-0.39461,-0.23980500000000002,4.0206,0.8885
476,694,2,7.9923406,0.2582985,0.134581,0.504458,-3.328842,0.48391999999999996,-0.159,2.164,6.6872,0.467768,-0.234895,-0.7029989999999999,3.8333,0.642
477,695,2,7.205894,0.9649486999999999,3.668331,1.483658,-2.232242,0.49815,-1.045,0.984,0.7753,0.515853,-0.319588,-0.705611,3.7159,0.922
478,696,1,5.38853,4.5859566,0.07043200000000001,1.7572720000000002,-2.333028,0.80528,0.722,0.765,0.025,0.348252,-0.34889899999999996,0.043069,4.0903,1.1553
479,697,3,4.936518,-1.253541,0.013347999999999999,1.115322,-3.5431779999999997,0.76335,-0.012,2.075,2.6431,0.240844,-0.348615,-0.23861999999999997,4.6585,1.5125
480,698,5,3.212878,5.5170383,0.004352,1.685498,-2.400502,0.8072,0.693,0.768,0.033,0.35084699999999996,-0.286707,-0.68089,4.086,1.1437
481,699,2,7.5957117,0.42388812,0.387196,1.152614,-2.715086,0.4965,-0.952,5.635,0.3661,1.028125,-0.350576,-0.597953,3.8677,0.6138
482,700,3,3.5979083,0.6076018,2.142969,1.9185159999999999,-2.385084,0.7761600000000001,0.27,1.459,1.2812,0.595515,-0.416969,-0.23058499999999998,4.3036,1.0731
483,701,3,6.094092,-0.48487422,0.007965,0.5232939999999999,-3.8246059999999997,0.7145699999999999,-0.672,1.246,1.3899,0.6733060000000001,-0.639231,-0.516768,4.3479,1.0566
484,702,1,5.4854918,4.8352013,0.094077,2.546448,-0.7054520000000001,0.86303,0.296,1.363,0.0,0.257206,-0.494442,-0.55845,3.2519,1.2225
485,703,1,6.1351059999999995,3.9638727,0.0,1.239277,-0.934623,0.87231,0.245,1.964,0.0001,0.094057,-0.5251859999999999,-1.119277,2.1739,0.9299
486,704,5,4.8370047,5.408129,10.886954,1.731959,-1.864741,0.46343,0.391,1.848,2.9937,0.806802,-0.306062,-0.404893,3.5967,0.5639
487,705,1,5.6865406,3.9988341,24.54,1.727214,-1.8782860000000001,0.83765,0.197,1.764,1.036,0.26406199999999996,-0.29193800000000003,-0.507429,3.6055,1.2871
488,707,1,4.609681,3.0112996,0.0,1.292468,-2.729232,0.8711399999999999,-0.224,1.738,0.6036,0.298091,-0.094635,-0.572213,4.0217,1.427
489,708,1,4.616403,3.11377,0.0,1.2367700000000001,-2.8994299999999997,0.77673,0.266,1.353,1.4793,0.43641199999999997,-0.144741,-0.634548,4.1362,1.0976
490,709,5,3.0922522999999997,5.6218996,0.06229,1.406349,-2.246651,0.7781,0.752,1.541,0.1392,0.402729,-0.264416,-0.731036,3.653,1.1535
491,710,2,7.787565700000001,1.8745627,0.0,1.108535,-3.437965,0.8373200000000001,0.066,2.019,0.8069,0.408649,-0.147129,-0.372745,4.5465,1.2498
492,711,1,5.460204,3.630739,0.0,1.3689639999999998,-1.0119360000000002,0.55908,0.437,1.344,1.4458,0.609954,-0.31014,-0.751254,2.3809,0.481
493,712,1,5.6980580000000005,4.0185,0.0,1.5532780000000002,-1.465622,0.56292,0.002,1.41,0.0008,1.186161,-0.215594,-0.647113,3.0189,0.4363
494,713,4,1.2603407,1.7117183999999996,0.0,2.335875,-2.599225,0.8368399999999999,-0.356,1.565,1.4868,0.402028,-0.24658200000000002,-0.325644,4.9351,1.6976
495,714,3,4.2192235,1.8540573,0.0,0.777369,-1.6975310000000001,0.70243,0.21,2.629,4.5606,0.18282,-0.5113340000000001,-0.8861889999999999,2.4749,0.8741
496,716,3,5.069243,0.9559103000000001,2.432754,1.267959,-2.542541,0.48808999999999997,0.649,1.201,2.3479,0.767181,-0.22563899999999998,-0.471991,3.8105,0.7623
497,717,3,4.3897104,-1.0597237,0.0,1.2235209999999999,-2.8118790000000002,0.47316,0.653,1.255,2.2824,0.858066,-0.361197,-0.49986800000000003,4.0354,0.9945
498,718,4,1.9471138,0.033034,0.08735,2.0865419999999997,-1.871458,0.55093,0.024,1.418,1.2605,1.109679,-0.228233,-0.230897,3.958,0.6851
499,719,3,4.383776999999999,-0.69648665,0.0,1.013819,-3.199981,0.70203,0.158,1.576,2.9543,0.5937600000000001,-0.296076,-0.253552,4.2138,1.0814
500,720,4,1.987785,4.0963683,0.0,1.006559,-3.6844410000000005,0.72887,-0.032,1.633,0.9468,0.673118,-0.381614,-0.704825,4.691,1.1435
501,721,2,8.433535000000001,-0.48956059999999996,0.0,0.5582630000000001,-2.4244369999999997,0.87775,-0.144,1.564,0.0018,0.241103,-0.34997399999999995,-0.78308,2.9827,1.2676
502,722,1,6.6965637000000005,2.2819068,0.0,1.0343149999999999,-3.4814849999999997,0.7995399999999999,0.136,1.006,0.3619,0.348358,-0.1214,-0.420505,4.5158,1.4109
503,723,3,5.5163035,0.30856988,0.0,0.543493,-3.527407,0.77946,0.24,1.272,0.7654,0.495374,-0.20851999999999998,-0.45583199999999996,4.0709,0.8626
504,724,5,3.9024343,6.032279,0.0401,1.328418,-2.383782,0.48239,0.815,1.454,2.7015,1.586358,-0.382477,-0.483803,3.7122,0.5571
505,725,2,7.740892,2.2764458999999997,2.5068200000000003,0.8773629999999999,-2.855437,0.61741,-0.221,2.079,6.135,0.33953,-0.268243,-0.6536810000000001,3.7328,0.7748
506,726,3,4.516873400000001,-1.023794,0.0,1.167248,-3.5193519999999996,0.75766,-0.001,2.154,2.6511,0.25094299999999997,-0.356662,-0.297777,4.6866,1.5124
507,727,4,1.4472605,3.1301255,0.0,1.45649,-2.26281,0.72751,-0.63,1.609,0.729,0.43007,-0.330933,-0.6290100000000001,3.7193,1.3168
508,728,3,4.7721089999999995,-0.40583965,0.0,2.2317080000000002,-2.8008919999999997,0.90846,0.419,1.5,0.5544,0.645234,-0.398115,-0.34321,5.0326,1.6291
509,729,5,3.5441367999999995,6.114330000000001,0.0,0.24736,-3.34934,0.69586,-0.252,1.601,0.938,0.562538,-0.486716,-0.556999,3.5967,0.8984
510,730,4,1.0034596,2.8390946,0.0,0.675458,-3.448342,0.76991,-0.014,1.632,2.3419,0.5277229999999999,-0.39414499999999997,-0.635212,4.1238,0.9095
511,731,3,4.3348746,-0.30414036,0.0,2.206754,-2.473046,0.47279,0.389,1.172,2.0587,0.5748949999999999,-0.241848,-0.354727,4.6798,1.3475
512,732,1,5.303247,2.0608878,0.0,0.916499,-2.509001,0.84439,0.273,1.992,0.0,0.415625,-0.161304,-0.49231499999999995,3.4255,1.0557
513,733,1,6.11172,3.2763119,0.0,0.968512,-2.948988,0.94071,-0.197,2.001,0.1285,0.561288,-0.17003900000000002,-0.825915,3.9175,1.1019
514,734,5,3.2710182999999997,5.2448760000000005,0.0,1.628192,-2.462508,0.80106,-0.019,1.855,3.5059,0.272432,-0.448333,-0.45965900000000004,4.0907,1.3385
515,735,5,5.0775595000000004,5.37261,0.0,2.949002,-0.8611979999999999,0.51385,-0.781,2.478,0.0006,1.182187,-0.436654,-0.345154,3.8102,0.7811
516,736,5,2.6912754,6.4240603,0.001078,2.1621479999999997,-1.5486520000000001,0.52688,-0.409,1.468,0.0945,1.1592930000000001,-0.569734,-0.510462,3.7108,0.5512
517,737,2,6.763730499999999,0.98256856,0.0,1.4005239999999999,-3.406876,0.83568,0.071,1.142,0.3191,0.264549,-0.09146900000000001,-0.27476799999999996,4.8074,1.9176
518,738,4,3.1871490000000002,2.0419164,0.014997,1.334848,-3.254352,0.79687,-0.14,1.916,1.3988,0.375431,-0.401861,-0.421138,4.5892,1.3628
519,739,2,6.342069599999999,0.006010264,0.0,0.439258,-3.7054419999999997,0.6241399999999999,0.556,1.843,3.2821,0.578289,-0.186551,-0.341955,4.1447,0.8653
520,740,1,5.560772,4.1199069999999995,7.475811,1.344587,-2.424613,0.46078,1.103,1.251,2.4723,0.5020789999999999,-0.199148,-0.555808,3.7692,0.6734
521,741,1,4.074522,2.7460107999999996,0.0,0.953981,-2.8492189999999997,0.85201,-0.052,2.721,0.003,0.262617,-0.131965,-0.656438,3.8032,1.2085
522,742,2,6.9103208,1.0631827,0.0,1.457934,-3.8814660000000005,0.95194,-0.004,2.189,0.3417,0.5149090000000001,-0.201784,-0.39714299999999997,5.3394,1.6459
523,743,1,6.904336,3.6595418,0.0,1.225913,-2.5278869999999998,0.76256,2.274,4.301,2.9848,0.22825700000000002,-0.678488,-0.8685809999999999,3.7538,1.0042
524,744,2,6.5487519999999995,1.5868527,0.0,1.0967879999999999,-3.267112,0.91369,0.063,1.592,0.0,0.32457800000000003,-0.101376,-0.34258099999999997,4.3639,1.6236
525,745,2,8.049636999999999,2.1586804,1.324919,0.35085900000000003,-1.782841,0.9346200000000001,0.084,0.768,0.0546,0.21939499999999998,-0.32143299999999997,-1.06321,2.1337,0.76
526,747,2,7.1258993,1.9780761999999998,0.0,1.266645,-3.328555,0.92845,0.023,1.471,0.1223,0.28638600000000003,-0.156831,-0.553766,4.5952,1.4366
527,748,1,6.730964999999999,2.7598956,0.16181900000000002,-0.397148,-1.120848,0.7358,0.351,3.023,3.0207,0.16646,-0.185147,-0.8718370000000001,0.7237,1.2737
528,749,2,6.672291,1.3704331,0.0,1.316573,-3.5107269999999997,0.8623200000000001,0.086,1.305,0.0,0.345907,-0.116095,-0.377246,4.8273,1.5331
529,750,3,5.2256860000000005,0.06809305,0.0,1.350069,-1.7737310000000002,0.82376,-0.412,2.184,0.0,0.334255,-0.162432,-0.512213,3.1238,1.2471
530,751,1,4.763969,2.9846049999999997,0.0,1.343855,-3.122845,0.82615,-0.604,3.011,0.0068,0.343914,-0.13913499999999998,-0.447902,4.4667,1.3003
531,752,1,6.343373000000001,1.8276539,0.004011,0.669539,-3.898661,0.84105,-0.3,0.754,0.0104,0.32649,-0.323178,-0.378322,4.5682,1.3811
532,753,1,6.2944655,1.9153259999999999,0.0,1.5038989999999999,-2.7117009999999997,0.72755,0.143,2.647,4.7132,0.373733,-0.232334,-0.229892,4.2156,1.1686
533,755,5,2.7527452,6.2493434,10.866981,0.7870090000000001,-2.661291,0.62436,-0.131,1.411,2.9799,0.5578529999999999,-0.26306999999999997,-0.546148,3.4483,0.8181
534,756,5,4.3631077000000005,4.8198989999999995,0.129056,1.7270740000000002,-1.6533259999999999,0.50853,-0.691,0.867,0.2308,1.2813430000000001,-0.240745,-0.331602,3.3804,0.9414
535,757,3,4.3040805,-1.2185317,0.0,0.5783659999999999,-4.300234,0.84567,-0.177,1.865,1.4724,0.527243,-0.39631500000000003,-0.41630500000000004,4.8786,1.2611
536,758,2,8.537786,-0.7360906,0.0,1.777777,-1.829423,0.8213,0.04,1.615,1.9638,0.9069809999999999,-0.359795,-1.0405440000000001,3.6072,1.4387
537,759,1,5.1514473,2.109296,0.0,1.510218,-2.857482,0.84885,-0.278,0.994,0.0001,0.29187199999999996,-0.143968,-0.306591,4.3677,1.5576
538,760,5,3.2781849999999997,5.289503599999999,0.037812,0.893591,-2.021709,0.86067,0.391,1.59,0.3488,0.229661,-0.331549,-0.8766639999999999,2.9153,1.1818
539,761,3,4.7187696,1.0548135,0.0,1.303979,-1.825721,0.38054,-0.401,1.452,5.4352,0.9208379999999999,-0.26331,-0.49631899999999995,3.1297,0.357
540,762,2,6.594850500000001,1.459658,0.145852,1.310661,-2.065139,0.47776,1.285,1.386,2.316,0.56908,-0.23888099999999998,-0.390218,3.3758,1.0158
541,763,5,4.4203053,5.8362193,0.896402,0.961101,-2.9279990000000002,0.47626,0.756,1.348,2.4401,0.902278,-0.38050300000000004,-0.5165,3.8891,0.8046
542,765,4,1.066052,2.3740900000000003,0.066596,1.302042,-2.777558,0.72238,-0.482,1.351,1.1917,0.5803119999999999,-0.20380399999999999,-0.390753,4.0796,1.0316
543,766,4,0.86541975,2.4567857,0.006749,1.58922,-2.54188,0.7742399999999999,-0.175,1.524,1.6606,0.446087,-0.23309699999999997,-0.527231,4.1311,1.2749
544,767,4,1.1402421999999999,0.8875476000000001,0.052739999999999995,2.178488,-2.835712,0.8744299999999999,0.239,1.507,0.8132,0.818437,-0.199189,-0.270067,5.0142,1.4867
545,768,4,0.54402554,2.8224196,0.0,2.246421,-2.400879,0.47365,0.412,1.126,1.9553,0.612096,-0.241457,-0.29885300000000004,4.6473,1.3183
546,769,4,1.7190199000000002,2.4444985,0.0,1.6422759999999998,-2.617524,0.71891,-0.429,2.028,0.6613,0.395011,-0.119619,-0.476267,4.2598,1.1607
547,770,1,4.078769,2.4904845,0.0,0.558553,-2.2733470000000002,0.82614,-0.295,1.07,0.085,0.216022,-0.1485,-0.792891,2.8319,1.0602
548,771,3,4.027065299999999,-1.0807427,0.0,1.413352,-2.961948,0.65641,0.211,1.57,3.4245,0.5869939999999999,-0.41093999999999997,-0.35494499999999995,4.3753,1.0673
549,772,2,8.410802,1.9924438999999998,0.0,0.8544780000000001,-2.887122,0.6775899999999999,-0.199,1.872,3.4472,0.323797,-0.38859099999999996,-0.765062,3.7416,1.0728
550,773,4,1.1335816,0.8849761999999999,0.058203,2.067342,-2.7434580000000004,0.8371799999999999,0.122,1.577,0.8005,0.702869,-0.199532,-0.245856,4.8108,1.4092
551,774,4,2.8496822999999996,3.4599879999999996,0.0,1.4289690000000002,-3.630731,0.90195,-0.355,1.326,0.6416,0.870941,-0.258775,-0.358614,5.0597,1.4725
552,776,3,5.285384,0.8706497999999999,3.2911330000000003,1.462437,-2.229563,0.47738,1.148,1.66,3.221,0.908545,-0.26337,-0.41726199999999997,3.692,0.7382
553,777,2,8.506592999999999,2.0614903,0.0,1.001082,-3.4099180000000002,0.92464,-0.002,1.252,0.0066,0.6629189999999999,-0.375219,-0.543712,4.411,1.0343
554,778,5,4.5567927,5.9550047,0.0,0.9733430000000001,-2.690657,0.62329,0.354,1.486,2.5229,0.563565,-0.41052700000000003,0.194134,3.664,0.8407
555,780,2,8.533719,-0.6703264,0.0,1.684655,-3.1413450000000003,0.8230200000000001,0.593,1.496,0.0001,0.722962,-0.23897800000000002,-0.533646,4.826,1.3739
556,781,3,6.068887,-0.8400186,0.22852600000000003,0.807858,-3.206642,0.47807,0.773,1.348,2.4667,0.497696,-0.316943,-0.23136900000000002,4.0145,1.0754
557,782,3,4.4740033,0.8951834999999999,0.0,1.67081,-1.89809,0.53293,-0.791,3.89,0.0006,0.687866,-0.269163,-0.485944,3.5689,0.7216
558,785,4,1.8566554,3.508429,0.0,1.557281,-3.129819,0.88328,-0.281,1.666,1.178,0.584982,-0.329579,-0.6849689999999999,4.6871,1.298
559,786,2,6.2953405,0.94903183,1.252119,0.65813,-3.09787,0.7249800000000001,-0.165,1.461,0.4744,0.422806,-0.203154,-0.665172,3.756,0.64
560,788,3,4.6074443,1.1535886999999998,0.201219,2.17345,-1.74915,0.5607800000000001,1.4,1.92,0.0329,0.483021,-0.8662850000000001,-1.4349370000000001,3.9226,1.0413
561,789,2,8.012687,0.66095847,0.33105100000000004,0.33519099999999996,-1.697609,0.78377,-0.08,1.925,2.4755,0.172241,-0.255897,-0.607211,2.0328,0.9433
562,790,2,8.12899,0.45913999999999994,0.0,0.35638400000000003,-1.696616,0.7925800000000001,0.04,1.877,2.2356,0.17588900000000002,-0.24903699999999998,-0.765662,2.053,0.973
563,791,2,8.018208999999999,0.29293945,0.0,0.226973,-1.550327,0.7579199999999999,-0.716,2.409,3.1887,0.141461,-0.427777,-1.426521,1.7773,0.7029
564,792,2,8.293192,-0.31163645,12.285615,0.8569,-1.8273,0.7501800000000001,0.006,2.24,2.2868,0.187385,-0.30814,-0.8369120000000001,2.6842,0.8282
565,804,4,0.38955298,0.7716068,0.386058,2.50838,-2.06412,0.8651700000000001,0.116,1.427,0.2018,0.8337379999999999,-0.290371,-0.27319499999999997,4.5725,1.2748
566,805,2,8.441907,2.1434912999999995,20.545872,0.808341,-1.637659,0.35659,-1.864,2.217,3.0143,0.372399,-0.739097,-0.46918699999999997,2.446,0.115
567,806,1,4.86874,2.8307102000000004,9.207048,0.951738,-2.308662,0.72454,-0.32,1.5,1.0784,0.289246,-0.315333,-0.732633,3.2604,0.7408
568,807,3,6.1895394,-0.6514835999999999,0.0,0.365651,-2.9378490000000004,0.7661399999999999,-0.707,1.137,0.9653,0.372611,-0.6285029999999999,-0.742233,3.3035,0.8452
569,812,3,4.254899,-1.0982726,0.0,0.256538,-1.899862,0.63684,-0.17,0.613,0.0046,0.615428,-0.48311400000000004,-0.7082069999999999,2.1564,0.7689
570,813,1,6.731912599999999,3.9325639999999997,0.0,1.55466,-1.29974,0.73382,1.662,2.769,0.0012,0.27945,-0.728541,-0.5673020000000001,2.8544,0.6627
571,815,3,4.5327187,-0.595879,0.010799,1.734343,-2.565157,0.61229,0.3,2.028,0.0015,0.43200900000000003,-0.488641,-0.43120699999999995,4.2995,1.2307
572,816,3,4.5820870000000005,0.96019214,0.297688,1.874471,-1.621229,0.47917,-1.589,4.626,0.8067,0.733574,-0.43081899999999995,-1.1657959999999998,3.4957,0.7583
